#source:radsex-signif;min_depth:5;signif_threshold:0.05;bonferroni:true;n_markers:345711
id	sequence	SRR1519861	SRR1519811	SRR1519815	SRR1519851	SRR1519821	SRR1519827	SRR1519813	SRR1519840	SRR1519830	SRR1519825	SRR1519858	SRR1519857	SRR1519834	SRR1519816	SRR1519848	SRR1519847	SRR1519814	SRR1519835	SRR1519833	SRR1519841	SRR1519807	SRR1519808	SRR1519856	SRR1519850	SRR1519806	SRR1519853	SRR1519828	SRR1519845	SRR1519844	SRR1519843	SRR1519860	SRR1519846	SRR1519804	SRR1519829	SRR1519864	SRR1519832	SRR1519817	SRR1519837	SRR1519863	SRR1519826	SRR1519810	SRR1519809	SRR1519836	SRR1519831	SRR1519838	SRR1519859	SRR1519849	SRR1519842	SRR1519805	SRR1519855	SRR1519822	SRR1519823	SRR1519854	SRR1519839	SRR1519862	SRR1519852	SRR1519818	SRR1519820	SRR1519819	SRR1519824	SRR1519812
3090749	TGCAGGCGCCACAAGGGGTGCTCGCGGGCGCACTGGCGCCCGCGGGCACAGGGTTGGTGACCCCTGCTCTAAAGGACACACTCTTGACTTGGTTA	19	0	0	0	0	0	0	0	0	0	39	14	48	0	31	39	0	49	0	10	0	0	24	6	0	26	0	24	0	27	40	34	0	0	45	0	0	29	49	0	0	0	0	0	42	1	0	0	0	0	0	0	19	36	62	17	0	0	0	0	0
3139911	TGCAGGTACAGGAAGTCTACCCCTTCCACGACGGTTGGAACGTCGCCTGCTTCGTCATCCTCCTGCTCTTCATCCTCACCGTTCTGTCCCTGGCC	34	55	0	20	0	0	0	56	0	0	65	14	60	0	30	50	68	60	0	26	0	61	25	17	75	29	0	52	3	30	44	22	0	0	63	0	0	53	51	0	0	0	78	0	76	0	0	24	0	67	0	0	17	45	84	18	0	0	0	0	0
3288202	TGCAGGTTTCAGAGGACAGTGTTGGACCTGACACGGCCGTGGAGGTTTGCCAACCTTCCCAACAACGCAAAACTGGAAATGGTGACGAGTTCCAG	39	0	0	0	0	0	0	0	0	0	44	12	31	0	41	27	0	54	0	7	0	0	22	16	0	21	0	29	0	23	48	52	0	0	37	0	0	46	47	0	0	0	0	0	54	0	0	0	0	0	0	0	11	33	77	11	0	19	0	0	0
3329476	TGCAGGTGTGTGTGCTTGAGAGTGTGTGTATGTTATAATGAACACTTAATGCATTCAAATATTTAAATATGTGGAAAATTTTGAATTTATTTTGT	26	0	0	0	0	0	0	0	0	0	32	7	38	0	38	25	0	29	0	13	0	0	28	12	0	15	0	36	0	26	26	16	0	0	27	0	0	23	22	0	0	0	0	0	29	0	3	0	0	1	0	0	11	27	35	17	0	0	0	0	0
3650968	TGCAGGCCAGGTTTTTGATTCCCACCCGAGAGTAATTGGGAGATGGTTCCGGACCGGATCGTTCTGGACTTCTCCTGATCCATGGATGGCGAGCC	22	0	0	23	0	0	0	74	0	0	45	8	45	0	47	41	0	56	0	5	0	0	14	14	0	19	0	44	0	24	44	17	0	0	34	0	0	29	26	0	0	0	49	0	45	0	46	28	0	51	0	0	4	30	54	12	0	0	0	0	0
3692195	TGCAGGTTGGACTGGGGAGGGAGGGAGAGGTGTTGAGGTGTGACAGTGTCATCTCTAAGTGAGGGTGGTCGCCAAGAGTCGGTGCGCAGCCTCAT	34	0	0	0	0	0	0	0	0	0	52	4	55	0	35	31	0	51	0	9	0	0	11	9	0	36	0	34	0	31	44	18	0	0	34	0	0	40	47	0	0	0	0	0	44	0	0	0	0	0	0	0	23	49	44	25	0	0	0	0	0
4223293	TGCAGGCAAGAAACAAAAAGAATATGCAAATATATAAACATCACTTAAGATCTAACACCATCTTTAACAGTTAGTAAAACGTAGAGTGACCAGTT	29	0	1	13	0	1	0	49	5	2	31	12	51	2	31	26	0	40	0	9	0	0	20	11	3	8	2	26	0	20	29	13	0	0	25	0	4	26	41	0	0	0	42	0	36	0	47	17	0	35	0	0	7	32	50	17	0	1	0	0	0
4252299	TGCAGGAGTGAATGTACATGAATGTTTGTCTCTCTGTGGCCCTGTCACAGATTAGCGAATTGTAAATTGGGCTTCTGCTTTTGCATAAAAAGAAT	17	0	0	14	0	0	0	38	0	0	26	5	31	0	20	16	0	25	0	5	0	0	15	6	0	15	0	33	0	16	25	10	0	0	18	0	0	19	17	0	0	0	27	0	45	0	19	17	0	19	0	0	10	14	36	12	0	0	0	0	0
4419810	TGCAGGTATTTCCTGTTTGGAACACGAAAGGGGAGGGGTTAATCAGTCCAATTCTCTTATACTGTCAATGTTCACATCAAAGCAAGCCTGACTCT	24	0	0	0	0	0	0	0	0	0	57	19	49	0	57	31	0	69	0	6	0	0	39	22	0	31	0	49	0	44	50	30	0	0	39	0	0	44	37	0	0	0	0	0	49	1	0	0	0	0	0	0	18	41	57	20	0	0	0	0	0
4606155	TGCAGGAAGTTGGGTAAACTTGTAGTTTAAGGGAAAATTTTGTAGTCCGAACAGGACACACAGCAGAGATGCACAGGATATCACAGAACGTGAAG	29	0	0	0	0	0	0	0	0	0	58	11	45	0	36	14	0	55	0	12	0	0	27	13	0	25	0	50	0	45	46	39	0	0	34	0	0	36	30	0	0	0	0	0	57	0	0	0	0	1	0	0	11	45	64	25	0	0	0	0	0
4752599	TGCAGGAGTGGCTTGCAAAGATGGCACAGACCAAGAACACAGGTGGGTTTGTGATCAAATTGTCATTATGATTTAAGAATGGATGTGTATCCATA	10	0	0	17	0	0	0	19	0	0	20	5	22	0	26	24	0	17	0	7	0	0	14	5	0	6	0	12	0	14	11	9	0	0	5	0	0	12	25	0	0	0	24	0	20	0	17	11	0	14	0	0	8	10	25	5	0	0	0	0	0
5026682	TGCAGGAGCCAAATTACAGAACCCAAGACATTCAAGAAAAGGTTCCTTCAAATGATTAGTTTGTGGCCATTGGTGAATTTGGACAATTTAGCATT	12	0	0	0	0	0	0	0	0	0	31	11	29	0	18	22	0	26	0	14	0	0	19	8	0	18	0	23	0	29	16	36	0	0	27	0	0	20	27	0	0	0	0	0	39	0	0	0	0	0	0	0	8	20	34	20	0	0	0	0	0
5102504	TGCAGGGGAGGGAATGAGAGGCAGGCTTGATTTGTGCAGGGGAGCGACTGAAGGCAGGCTGGATCGTGCTTTGTCTGAGAGCCGCCCGCAGGCAG	10	0	0	0	0	0	0	25	1	0	26	16	40	0	24	31	0	37	0	6	1	0	16	4	2	14	0	18	0	11	21	23	1	0	23	0	0	10	25	0	1	0	39	0	32	3	0	0	0	36	1	1	19	15	48	9	0	0	0	0	0
5104455	TGCAGGAGTTTAAGCAGAGACCTTCCCTGGGATGATTTTATGAACTCAAAAATGGAAACATGATTACCAAGTAGAAATTTTCAAAATAATAAACC	20	0	0	0	0	0	0	1	0	0	23	7	28	0	42	14	0	30	0	7	0	0	12	12	0	23	0	30	0	19	25	14	0	0	30	0	0	17	24	0	0	0	0	0	28	0	0	0	0	0	0	1	4	25	35	11	0	0	0	0	0
5180783	TGCAGGAATCAAATAATGAAATAAAGTTACAGAATCCTATGGAGTCAAACATGCTGCATGATAGATACTGAGTGAGGAGTTCACTTCCAGACACA	16	0	0	26	0	0	0	58	0	0	40	12	44	0	29	33	0	29	0	11	0	0	27	14	0	22	0	33	0	20	27	22	0	0	30	0	0	32	36	0	0	0	51	0	41	0	17	23	0	43	0	0	13	32	41	10	0	0	0	0	0
5188241	TGCAGGACTGAGTGGGAACTGGAGCACATTCTGGCCCACTCCCACAATACACACATTCACCCCACCCAAATGCCAGCGAGGTTGGAATGTCTGGG	29	0	0	30	0	0	0	46	0	0	61	8	53	0	28	33	0	62	0	6	0	0	22	11	0	26	0	45	0	27	58	22	0	0	41	0	0	30	43	0	0	0	58	0	60	0	36	38	0	38	0	0	31	32	48	23	0	0	0	0	0
5510171	TGCAGGGCAAGGACACCAGCATCCTGAACCTGTATGACAAGGTGGGGGGTTTCCTGAAGAAAGCAGAGATGTGGAAAAGGGCACGTGATCAGGAG	26	0	0	0	0	0	1	52	1	0	48	9	56	0	46	41	1	42	0	10	0	1	27	15	0	23	0	29	0	26	40	22	0	1	31	0	0	32	57	0	0	0	70	1	49	0	51	0	0	50	0	1	13	44	59	22	1	0	0	0	0
5697468	TGCAGGAATAATCACATGGCCAAAGGAAGAGATACAGACCATGGATGTTAAGACATGAAAGCTCCTTACCATGCATGGAGGGTTCCATCCCAAAT	35	0	0	0	0	0	0	0	0	0	60	29	61	0	36	40	0	56	0	8	0	0	22	18	0	31	0	41	0	19	45	33	0	0	39	0	0	44	40	0	0	0	1	0	42	0	0	0	0	0	0	0	21	42	50	31	0	0	0	0	0
5793445	TGCAGGTGCTGAAATAACACATTGACATTCGTGGAGAGACGGTCTCTGTGTGTGAAAGGGTGAAGGGTCAGCCAGAAAGAACAGAAGCCTCAAAC	37	0	0	0	0	1	0	0	1	0	54	9	59	0	39	34	0	46	0	3	0	0	20	9	0	41	0	45	0	27	58	28	0	0	43	0	1	45	38	0	0	0	0	0	58	0	0	0	1	1	1	0	10	37	61	18	1	1	0	0	1
5873559	TGCAGGGCCCCGAAGTGGCGAAAAAAAATAAAATGAAAAAAGACCCAAATCTGGCAACCCATTTCATAGCACGTCCGTACCAACGTGCGCTCTGA	17	0	0	17	0	0	0	45	0	0	42	14	39	0	26	19	0	33	0	6	0	0	12	6	0	18	0	35	0	21	26	9	0	0	34	0	0	16	25	0	0	0	52	0	25	0	48	19	0	33	0	0	26	29	44	10	0	0	0	0	0
6073451	TGCAGGAGATGTGGAGAGGCATCAGAAACATCACAGACCACTGGAGCAGCACGCAGCAGATCACGTATGACCCCACCTTGCCTGATGCCTTAAAC	35	0	0	0	0	0	0	0	0	0	54	21	54	0	48	29	0	58	0	10	0	0	30	17	0	23	0	35	0	25	35	25	0	0	37	0	0	33	34	0	0	0	0	0	48	0	0	0	0	0	0	0	21	33	76	16	0	0	0	0	0
6138309	TGCAGGTTTGTGGATTTAATGACCAATCGCCAACTTTTAAACAAACTTGAACAATCTAAAATAAAAACAATTCAACGCTTGTTATTTAAACACGA	14	0	0	0	0	0	0	0	0	0	25	8	30	0	19	12	0	28	0	2	0	0	6	12	0	22	0	20	0	10	19	19	0	0	13	0	0	27	29	0	0	0	0	0	24	0	0	0	0	0	0	0	11	15	30	8	0	0	0	0	0
6253646	TGCAGGAGCTGCACCTCAGCAGACACAGCAACAGGTCTCCTAATATTACACAACATAAAGAGGAATTTACATCAGGTTTCATCAAATATAATGGA	12	0	0	18	0	0	0	37	0	0	12	12	33	0	38	12	0	30	0	4	15	0	6	4	0	18	0	25	0	13	25	17	0	0	19	0	0	18	15	0	1	0	40	0	34	0	33	17	0	35	0	0	8	28	49	9	0	0	0	0	16
6646275	TGCAGGCAATGTACCCGGATCTGTAACCAGAGCCTTCACTCTGCATTCGACTGACCAGCGAGTTGTTCCTAACACTAGATGGGAAGGAACGATAG	36	0	0	34	0	0	0	89	0	0	78	15	79	0	56	38	0	78	0	13	0	0	39	27	0	37	0	60	0	37	65	22	0	0	56	0	0	60	42	0	0	0	85	0	75	0	85	32	0	66	0	0	35	66	102	33	0	0	0	0	0
6722900	TGCAGGATTCTGCCAAGTAAATATTAGCGGTTGAATAAGAGTGCACAGACTTGGATTTTTTTGCAGAACAACATTTGATTATGCTGTACTTTAAG	6	0	0	0	0	0	0	0	0	0	16	7	5	0	6	18	0	12	0	7	0	0	9	8	0	12	0	14	0	8	12	18	0	0	11	0	0	9	16	0	0	0	0	0	17	0	0	0	0	0	0	0	7	9	17	8	0	0	0	0	0
6864365	TGCAGGAGATGAAGAGGGACGGATTATTCCAGCCTGAAGATTCTCCTGAATGTACTCCTCCATTGCCTCCTGCTCAGGACGAGACAGAGGATATA	36	0	0	21	0	0	0	69	0	0	80	13	64	0	42	51	0	42	0	14	0	1	34	14	0	21	0	49	0	21	34	23	0	0	54	0	0	51	43	0	0	0	63	1	60	0	45	29	0	55	0	0	19	32	75	15	0	0	0	0	0
6875419	TGCAGGAAAGGCCTCACTGGGAGAATATTAAGCTGATTTAGCCAAACATCTTCCTTTTCTATTACATAACTAATAAGTGAAGGACCTCTAGTTCA	22	0	0	0	0	0	0	0	0	0	46	12	30	0	28	35	0	45	0	5	0	0	24	8	0	22	0	37	0	23	34	12	0	0	31	0	0	29	32	0	0	0	0	0	32	0	42	0	0	0	0	0	16	28	45	18	0	0	0	0	0
6911625	TGCAGGTTTTCCTATGGAGAGAGTGGGGATTGATGTTCTAGGCCCCTTTCCTTGGTCAGAAAAGGGTAACCGGTTCATTCTCACTTCAATGGATT	31	0	0	0	0	0	0	0	0	0	41	18	58	0	34	33	0	49	0	20	0	0	24	15	0	20	0	46	0	7	32	26	0	0	32	0	0	43	44	0	0	0	0	0	47	0	0	0	0	0	0	0	22	30	44	23	0	0	0	0	0
6952141	TGCAGGAAACACATTTAGTGGATAAGGAACATATGAAGCTGAAGAGGGATTGGGTAGGCCAAGCACATTACTCCTCATTCTCCTCCAACAGCAGG	25	0	0	0	0	0	0	0	0	0	48	13	52	0	31	40	0	42	0	11	0	0	35	21	0	22	0	31	0	28	42	20	0	0	34	0	0	44	44	0	0	0	1	0	64	0	0	0	1	0	0	0	27	21	70	23	0	0	0	0	0
6968355	TGCAGGGTGTTCTTTAGACTTTATATATCAGTCCCATAAGCAAGGCACAGGCTCTGGGTACATCCAGGGGCCTCATTTATAAAACTTTGCGTAGG	22	0	0	0	0	0	0	0	0	0	51	12	38	0	32	28	0	42	0	9	0	0	28	15	0	21	0	53	0	23	65	10	0	0	40	0	0	28	34	0	0	0	0	0	40	0	0	0	0	0	0	0	15	27	51	26	0	0	0	0	0
7011371	TGCAGGCTCAGCGGGGGGGATGCAACACTGATGGTTATGCATATTGAAAGCAAACAGCATGAAGGCAGAGGAACAATGCATGACATCAGCAGCAT	26	0	0	0	0	0	0	0	0	0	37	9	44	0	16	27	0	44	0	6	0	0	20	9	0	26	0	24	0	18	23	25	0	0	32	0	0	24	16	0	0	0	0	0	49	0	0	0	0	0	0	0	19	27	54	14	0	0	0	0	0
7013230	TGCAGGGTATCTGATAATTGCCGATGCATAGCTGTTTATTGCCCGGGTCTTGTTCTTGCCATTGAGCTGGCTTCTCAGGACTTGTCTTACTCATT	40	0	0	0	0	0	0	0	0	0	57	27	62	0	56	34	0	63	0	19	0	0	26	9	0	38	0	38	0	33	58	39	0	0	45	0	0	48	57	0	0	0	1	0	66	0	0	0	0	0	0	0	16	38	62	31	0	0	0	0	0
7017697	TGCAGGTCATTTGCTAAGTCCCCCCGTGTGGTTCTGGAATTTTTGCTTACCATTCTTGTGATCATTTTGACCCCAAGGGGTGAGATCTTGTAGGG	32	0	0	0	0	0	0	0	0	0	47	23	52	0	47	50	0	47	0	15	0	0	23	19	0	28	0	45	0	18	46	28	0	0	53	0	0	48	63	0	0	0	0	0	61	0	0	0	0	0	0	0	27	44	85	27	0	0	0	0	0
7064178	TGCAGGCTTTCTCCAGCCGCCCGGGTCCGCGCTGCCAGGCTGGTCCTGAAGCGCTCCAGAGCCTGCCGCTGACCGAAAGCCTCTTCCAGCTTCTC	24	0	0	22	0	0	0	34	0	0	61	12	65	0	62	35	0	63	0	12	0	0	24	7	0	20	0	35	0	24	43	26	0	0	43	0	0	42	35	0	0	0	48	0	48	0	66	33	0	43	0	0	26	43	66	11	0	0	0	0	0
7073945	TGCAGGTGTTTGGAATGCAGTGTACGGTCGACTGACCTTCTCCAGTGGCACTTACCAATACCCTTTGCACAGATCAAGGGTGGGGATGCATTCAG	27	0	0	0	0	0	0	0	0	0	70	24	69	0	42	49	0	82	0	18	0	0	34	23	0	29	0	45	0	31	50	43	0	0	58	0	0	56	41	0	0	0	0	0	78	0	51	0	0	2	0	0	12	61	94	29	0	0	0	0	0
7088365	TGCAGGAATTAAAAGAGCATGGCAGCAGCTAAAAATTAAGTATAAAAACATAATTCAATCAGGTAAAATTTGAGCATGTCATGGATGTAGGCTTT	12	0	0	0	0	0	0	0	0	0	29	18	35	0	34	21	0	29	0	5	0	0	14	4	0	11	0	27	0	5	23	12	0	0	22	0	0	33	34	0	0	0	0	0	32	0	0	0	0	0	0	0	13	18	33	14	0	0	0	0	0
7097467	TGCAGGTCTATTGTTTTCCGAAGGTTTTTCTTCCTCATCGGCACCCTGTACCTGTACCGTTGTGTGACCATGTACATCACCACCCTGCCTGTGCC	18	0	0	25	0	0	0	22	0	0	30	3	32	0	30	28	0	29	0	10	0	0	12	5	0	11	0	15	0	13	21	28	0	0	18	0	0	17	18	0	0	0	37	0	34	0	29	16	0	32	0	0	19	20	35	22	0	0	0	0	0
7112493	TGCAGGGCAGAGAAGGGCGAACAACAGCATACACCTCTGATGAAACAGGAAACTTCAAAAATACACAATTAGCTTCATAAATGAATAACGATTCT	19	0	0	0	0	0	0	1	0	0	39	2	22	0	26	21	0	30	0	9	0	0	20	8	0	20	0	16	0	19	17	15	0	0	22	0	0	27	27	0	0	0	0	0	39	0	39	0	0	0	0	0	9	24	26	3	0	0	0	0	0
7232031	TGCAGGAACTACCTAAACTTTCTGCAGTTTTAGTCAGTCCTTCTTACAGAAAACCCCTTGTCTTTGATTTCAGAGGAAGCAGAGGATCCTGCGTG	22	0	0	0	0	0	0	0	0	0	19	7	34	0	29	34	0	27	0	13	0	0	16	19	0	27	0	33	0	13	20	19	0	0	31	0	0	28	28	0	0	0	0	0	45	0	0	0	0	0	0	0	16	22	42	17	0	0	0	0	0
7245040	TGCAGGGGTCAACCCCCATAGGGGTCCATGTGACTAAGGCAAAAGGAATCAAACAGAAAACAAATGCAGCCTAATTTTTATTTTTATTTTGTGTG	29	0	0	0	0	0	0	0	0	0	48	9	31	0	35	21	0	47	0	13	0	0	9	24	0	31	0	33	0	19	40	33	0	0	41	0	0	35	34	0	0	0	0	0	56	0	0	0	0	0	0	0	17	46	58	27	0	0	0	0	0
7404295	TGCAGGTAAACACCCCATGCACAGAGAGAAACTTTCACTCATTCCCTCTCCTTAAATTGAACTGCCTCACTTCTTACTTGTGCTTCGGATATTAT	21	0	0	20	0	0	0	18	0	0	20	5	25	0	32	18	0	18	0	4	0	0	10	3	0	7	0	29	0	19	18	14	0	0	19	0	0	34	18	0	0	0	28	0	20	0	19	13	0	31	0	0	9	17	37	12	0	0	0	0	0
7503348	TGCAGGCCCTGAGCCACGCCCACCACGATGAGCTGCACCGCATCCTTGTGGAGACGTGCCATGAAGGAGAGGGGTCAGCTTTGAGGACACGACTC	31	0	0	30	1	0	0	41	0	49	63	30	82	0	34	40	0	68	0	12	56	0	44	8	0	29	0	59	0	38	55	29	0	0	96	1	0	56	40	0	25	38	86	0	50	0	46	19	0	56	0	0	20	49	148	20	0	0	0	0	41
7560740	TGCAGGTCATGTGGAATGTAGCAATATCAGTGACAGATGAAGCCCGCACAGCAATTTTACAGGTTACTTCTTTCATACCTTAATGTTGATGAAGA	15	0	0	0	0	0	0	0	0	0	32	11	36	0	29	39	0	42	0	11	0	0	26	10	0	14	0	49	0	21	40	22	0	0	28	0	0	29	30	0	0	0	0	0	23	0	0	0	0	0	0	0	11	26	42	8	0	0	0	0	0
7644465	TGCAGGCTGCAGCTGGAATTACACATTTTATGATGAGGATTTTTAGGGCCAAAATTCAAGTTTTTTTTATTACTTTTATTTTCCCTAAATATTAC	7	0	0	15	0	0	0	17	0	0	13	8	15	0	13	17	0	10	0	4	0	0	10	8	0	10	0	14	0	9	18	9	0	0	10	0	0	18	15	0	0	0	15	0	13	0	15	6	0	16	0	0	7	10	20	4	0	0	0	0	0
7654916	TGCAGGCCCTCACCCAAAAACTACACACACTTGGACTGAGCCCCACTCTATGCAACTGGGTCTTGGACTTCCTGACAGACAGACCACAGTCTGTG	57	0	0	67	0	0	0	111	0	0	113	36	126	0	89	56	0	132	0	28	0	0	47	32	0	58	0	106	0	71	112	87	0	0	79	0	0	86	81	0	0	0	124	0	140	0	108	48	0	131	0	0	47	101	149	52	0	0	0	0	0
7656980	TGCAGGGTATCTGATAACTGGCAGTGCGTAGCTGTTTATTGCCCGGGTCTTATTCTTGCCATTGAGCTGGCTTCTCAGGACTTGCTTTACTTGTT	33	0	0	0	0	0	0	0	0	0	86	32	80	0	48	64	0	94	0	20	0	0	34	16	0	44	0	68	0	40	59	32	0	0	47	0	0	67	86	0	0	0	0	0	101	0	0	1	0	0	0	0	16	70	109	21	0	0	0	0	0
7678802	TGCAGGTCAGACACCCCCTCAACACACAGGCACCTCTCTCTCATCTCACACACACACACTCTCTCTCTCTCTCTATCTCACTCTTTTCTTTGCCT	18	0	0	0	0	1	0	0	0	0	46	26	53	0	27	37	0	35	0	20	0	0	34	7	0	15	0	43	0	21	50	27	0	0	32	0	0	35	33	0	0	0	0	0	55	1	0	0	0	0	0	0	17	28	69	13	0	0	0	0	0
7759715	TGCAGGAAACATCAGCAGACTATTGATACCAAAGCTTCACAGTGAAGAATATATTATCCATAGAACTCGTTCAGAATCATTTTCAGCAGATAATG	31	23	0	24	0	0	0	38	0	0	60	5	49	0	35	36	45	41	0	12	0	57	18	18	16	28	0	31	1	15	43	23	0	0	47	0	0	39	27	0	0	0	53	0	49	0	35	22	36	43	0	0	24	46	67	12	0	0	0	0	0
7840911	TGCAGGTCCCTTTAAATTTGGAAATTCTACCAGTCTCTGGGTGTGAGTCTAAAAAAAGAACTAGTTTGACTACATTACATAGTTTTTCTTTCTTT	8	0	0	7	0	0	0	19	0	0	25	5	22	0	23	21	0	18	0	6	0	0	3	14	0	6	0	23	0	6	17	10	0	0	17	0	0	18	18	0	0	0	16	0	17	0	27	22	13	15	0	0	12	17	22	9	0	0	0	0	0
7875056	TGCAGGTGTGGAGACCACGAGTCGGTCATGCGACAGCAGCCGGCTACCATTTAAAACATGAAAACACAATAGTCTTGTTTGTTAACACTATTCTC	35	0	0	0	0	0	0	0	0	0	61	29	64	0	68	79	0	69	0	15	0	0	29	26	0	20	0	44	0	38	59	40	0	0	47	0	0	59	46	0	0	0	0	0	68	0	0	0	0	0	0	0	24	45	88	28	0	0	0	0	0
7933165	TGCAGGTATGCTGCCTTGCCTGCTGTAAAAGGGGCGTCTTGTTTTTATTTTTTTGATGTAAACAGGACCAGGTGACCCACTACGATGTGGAGCTA	35	0	0	0	0	0	0	0	0	0	45	20	58	0	36	40	0	51	0	8	0	0	21	17	0	29	0	46	0	32	40	29	0	0	34	0	0	32	49	0	0	0	0	0	58	0	0	0	0	0	0	0	33	22	74	20	0	0	0	0	0
7947285	TGCAGGATCTGTTGCTCCATCTCTCCATCCACGGCGTAGTTCTCAATGGCGTAGCAGCGGCTAAGCATCCCACTTCTGATACCATTGTAACGACC	36	1	0	0	0	0	0	0	0	0	54	13	53	0	57	30	0	48	0	13	0	0	29	10	0	48	0	47	0	25	55	34	0	0	62	0	0	42	51	0	0	0	0	0	50	0	0	0	1	0	0	0	19	36	59	31	0	0	0	0	0
7984899	TGCAGGGTATCTGATAACGGTCAGTGCGTAGCTGTTTATTGCCCGGGTCTTATTTTTGCCATTGAGCTGGCTTCTCAGGACTTGCCTTACTCGTT	43	0	1	0	0	0	1	0	0	0	66	17	71	1	65	59	0	92	0	22	0	0	32	17	0	36	1	50	0	39	74	46	0	0	60	0	0	49	58	0	0	0	0	0	90	0	0	1	0	0	0	0	22	59	90	27	0	0	0	0	0
8013928	TGCAGGTAATTTACCTATTCTTTGTTCTATTGACTGAAAAATTAACTTTTTTATAGTTGGAATTTGCTGGCCAATGTGGAACCTTTCTTTTTTTC	18	0	0	8	0	0	0	25	0	0	24	10	33	0	27	15	0	20	0	8	0	0	13	13	0	16	0	18	0	19	25	16	0	0	9	0	0	19	24	0	0	0	20	0	33	0	31	22	0	11	0	0	9	12	26	9	0	0	0	0	0
8078985	TGCAGGACAGATCAGACCAGGAACAAAGGCATTTTTGCAGATTCTTAGTTAATTTTCGTGTTTCTTTGATTTTTTTTTAAGTAGTTTATTTCATT	12	0	0	0	0	0	0	0	0	0	33	11	30	0	13	15	0	16	0	7	0	0	7	9	0	8	0	30	0	11	17	9	0	0	17	0	0	15	16	0	0	0	0	0	20	0	0	0	0	0	0	0	10	13	25	15	0	0	0	0	0
8203741	TGCAGGGAAACTTTGCGGTCAAGAACTTTGAGTGCTCCCAAATACTTGGATTCCACTTTGGTGCACTCACTCCGAGGCCTCTCAGGGGTTTTGGA	13	0	0	19	0	0	0	22	0	22	17	9	32	0	28	44	0	39	0	10	23	0	13	22	0	19	0	22	0	29	23	14	0	0	62	0	0	26	24	0	12	23	38	0	40	0	0	16	0	36	0	0	6	32	78	13	0	0	0	0	31
8212789	TGCAGGAACGATGATGCTGTAAGCCGAACAAAGCAGAATAAACAATTTAGCTTCCTTAACAAAGGTTCTTGGAGCTCATTTAGTTTTACTGTACA	21	0	0	17	0	0	0	33	0	0	19	5	26	0	18	24	0	29	0	6	11	0	12	9	0	14	0	26	0	16	17	25	0	0	16	0	0	23	17	0	3	0	31	0	22	0	46	9	5	33	0	0	11	13	25	15	1	0	0	0	12
8309292	TGCAGGAATGTCACTGTCAGTCACATGTTATGAGGACAAACACAGCAACCTTATGGAAAAAAGTTTAGCTTTCATAATGTGCATTCCTTGTTAAT	21	0	0	13	0	0	0	29	0	0	28	16	19	0	24	26	0	37	0	15	0	0	15	9	0	15	0	23	0	15	19	10	0	0	26	0	0	32	24	0	0	0	26	0	32	0	47	10	0	26	0	0	6	30	34	11	0	0	0	0	0
8316056	TGCAGGGCCTTTCTGGCAGTGCTTGAGTGAGTCAGAGCTTCAGACACCAGTGTTTAGCCTGTTATCCAGAAACATATCCATGAGGATAACTAATA	33	0	0	23	0	1	0	35	0	0	40	16	39	0	19	35	0	39	0	5	0	0	22	20	0	21	0	36	0	27	33	24	0	0	46	0	0	36	31	0	0	0	55	0	55	1	60	29	0	40	0	0	15	31	43	22	0	0	0	0	0
8389895	TGCAGGGCCCCGAAGTGGCAAAAAAAAAAAATGAAAAAAGACCCAAATCTGGCAACCCATTTCATAGCACATCCGTACCAACGTGCGCTCTGAAT	8	0	1	11	0	0	0	13	0	0	15	4	13	0	13	10	0	14	0	0	0	0	8	5	0	9	0	5	0	13	5	8	0	0	10	0	0	17	9	0	0	0	16	0	11	0	12	5	1	10	0	0	5	11	27	3	0	0	1	0	1
8398982	TGCAGGGACATGTTCAGTTCATTCAGTTTCCTGAATATATCTGCCAGATAGCAAAGCAAGCCAGTCCGTGTTCTCAAGCATGGTGGCATGGGGAG	42	0	0	44	0	0	0	60	0	0	62	16	70	0	78	49	0	77	0	15	0	0	37	19	0	36	0	51	0	33	50	39	0	0	59	0	0	62	46	0	0	0	89	0	62	0	60	47	0	69	0	0	27	39	80	18	0	0	0	0	0
8458452	TGCAGGGACATGTTCAGTTCATCCAGTTTCCTGAATATATCTGGCAGATAGCAAAGCAAGTCAGTCCATGTTCTCAAGCATGGTGGCATGGGGAG	34	0	0	51	0	0	0	62	0	0	88	10	78	0	46	32	0	68	0	18	0	0	35	23	0	30	0	59	0	27	64	34	0	0	55	1	0	55	48	0	0	0	69	0	65	0	62	38	0	55	0	0	21	46	92	19	0	0	0	0	0
8510710	TGCAGGATTGCATCTACATGAAAAGGAAATCAGGGACATTGAATTAGATTAATGTAACAATTACTTTTTGGAAACACAATTTGCTAGCACTGCTT	21	1	0	19	0	0	1	36	0	0	31	9	41	0	17	23	0	34	1	9	23	2	21	11	0	11	1	21	1	18	21	19	1	0	15	0	0	32	26	0	10	0	19	0	25	1	42	12	7	27	0	0	6	20	35	16	0	0	0	0	22
8541350	TGCAGGGCAAGGACACCAGCATCCTGAGCCTGTATGACAAGGTGGGTGGTTCCCTGAAGAAAGCAGAGATGTGGAAAAGGCCATGTGATCAGGAG	33	0	0	50	0	0	0	55	0	0	57	14	65	0	72	30	0	68	0	29	0	0	21	5	0	36	0	41	0	27	45	25	0	0	57	0	0	50	49	0	0	0	76	0	55	0	66	28	0	46	0	2	27	41	85	28	0	0	0	0	0
8550925	TGCAGGAATTAAAAGAACATGGCAGCAGCTAAAAATTAAGTATAAAAACATAATTCAATCAGGTCAAATTTGAGCATGTCATTGATGTAGGCTTT	23	0	0	21	0	0	0	39	0	0	37	6	38	0	49	25	0	30	0	16	0	0	29	9	0	29	0	26	0	29	26	27	0	0	30	0	0	40	31	0	0	0	34	0	40	0	37	23	0	29	0	0	12	29	47	16	0	0	0	0	0
8609883	TGCAGGCTTGTCTCCAAGACAGATCTGCTGGAAAACAATGAAGCCCATTCAAGGAAGAACCTCCTTCCTCTAATATAGCATATCATCATGATATG	23	0	0	0	0	0	0	0	0	0	37	6	43	0	50	33	0	36	0	12	0	0	15	9	0	7	0	28	0	28	20	18	0	0	22	0	0	24	20	0	0	0	0	0	33	0	0	0	0	0	0	0	10	18	37	15	0	0	0	0	0
8617641	TGCAGGATGACATCTTTTCTGACCTCATCAACCTGAGCCAGCTGTTTCTGCATGGCAACCGCATTCGCACCCTCTCAGAGAACGTGTTTCGTGGC	42	0	0	0	0	0	0	0	0	0	86	11	72	0	59	48	0	68	0	18	0	0	24	12	0	36	0	40	0	32	54	41	0	0	42	0	0	60	53	0	0	0	0	0	76	0	0	0	0	0	0	0	34	42	74	30	0	0	0	0	0
8650726	TGCAGGGACATGTTCAGTTCATTCAGTTTCCTGAATATATCTGGCAGATAGCAAAGCAAGCCAGTCCATGTTCTCAAGCATGGTGGCATGGGGAG	36	0	0	27	0	1	0	68	0	0	60	19	66	0	54	53	0	62	0	14	0	0	53	30	0	31	0	50	1	34	66	31	0	0	53	0	0	60	67	0	0	0	101	0	74	0	73	40	0	64	1	0	34	66	92	25	0	0	1	1	0
8651009	TGCAGGAGGTGGGACTGCACCAACCTTTTGTGTGAGGAGCGTTGATGGGTAAGGATCAGTGGAGCCTCTAGGTCAGACGAGACAGGCACTAGTGG	44	0	0	42	0	0	0	79	0	0	65	22	70	0	51	37	0	77	0	9	0	0	38	17	0	23	0	48	0	42	61	47	0	0	60	0	0	68	59	0	0	0	85	0	81	0	69	41	0	83	0	0	19	53	102	26	0	0	0	0	0
8656879	TGCAGGACCAAATAAAACTAGTTGCATGCAGGAAAGATCAAATGATTATTTATGCCGCTAAAATAGTCTGAAAAGACTGGAGTATTGTGTTGGGT	27	0	0	10	0	0	0	42	0	0	40	22	33	0	26	28	0	30	0	8	0	0	25	10	0	16	0	31	0	29	34	28	0	0	29	1	0	42	28	0	0	0	53	0	46	0	40	22	0	53	0	0	34	42	57	24	0	0	0	0	0
8664786	TGCAGGGTATCTGATAACTGGCAGTGCGTAGCTGTTTATTGCCCGGGTCTTGTTCTTCCCATTGTGCTGGCTTCTCAGGACTTGCCTCACTCGTT	33	0	0	0	0	0	0	2	0	0	94	35	83	0	41	50	0	77	0	10	0	0	30	17	0	42	0	53	0	49	78	20	0	0	62	1	0	57	51	0	0	0	0	0	101	1	0	0	0	0	0	1	27	51	90	27	0	0	0	0	0
8679205	TGCAGGAGAATGGTGAGCATGCATGCCGTAAGATACAGGAGGAAACAGAAGCAGGTCTGTTTTGAATGCCACATCTAAAGAGTGCCAAACATTCA	28	0	0	35	0	0	0	35	0	0	42	14	26	0	54	26	0	61	0	9	0	0	25	11	0	19	0	19	0	19	31	12	0	0	29	0	0	21	36	0	0	0	43	0	48	0	50	23	0	41	0	0	17	35	61	15	0	0	0	0	0
8724911	TGCAGGTTCTGTAAGCACACTGCCACTTGTTACTATAAGACTTCTTTTTAAACCTACCCCAAGATCTTTTTTGTTCATTATTTTAATAGCAACCT	15	24	0	22	0	0	1	32	0	0	27	5	34	0	22	23	23	22	0	6	0	27	14	15	6	4	0	24	0	18	25	11	0	0	23	0	0	21	21	0	0	0	28	0	24	0	22	14	9	36	0	0	14	10	29	13	0	0	0	0	0
8727168	TGCAGGGAAAAAGGTCCAGATTCCCCTGTGCTCTGGCTGAAGAGGTACTCCAAACCCAGGAGCTCATTTGAGGCCACATCAGCGGGAGTTTGGAA	52	0	0	35	0	0	0	92	0	0	117	32	75	0	70	73	0	89	0	25	0	0	35	33	1	46	1	92	0	48	73	51	0	0	68	0	0	54	71	1	0	0	127	0	113	0	89	43	0	91	0	0	36	62	101	21	0	0	0	0	0
8730998	TGCAGGCAAACACACACACAAAGTATTTGGACAGCATATGTACTGTAAATAAATCCACCAAATGTGAGCAGATTATATGATTGTGTTCCCCTGAG	33	0	35	25	0	11	0	52	49	0	40	15	43	0	32	37	0	52	0	11	1	0	19	8	0	12	64	40	0	25	46	24	20	1	35	0	0	50	38	0	0	1	62	0	54	0	44	21	0	59	0	51	15	24	66	13	0	0	0	18	0
8766367	TGCAGGGACATGTTCAGTTCATTCAGTTTCCTGAATATATCTGGCAGATAGCAAAGCAAGTCAGTCCATGTTCTCAAGCATGGTGGCATGGGGAG	20	0	0	18	0	0	0	81	0	0	83	14	77	0	57	36	0	72	0	20	0	0	35	20	0	32	0	40	0	26	74	46	0	0	33	0	0	45	47	0	0	0	67	0	72	0	57	23	0	62	0	0	23	37	64	17	0	0	0	0	0
8825476	TGCAGGTGTGTTGATAATATTTGAGTGTGTGTGAACAGGCCCCGCCCTTTTTGTACTACATTTGAACCGTACCGTAATGATAAACAACCAGTAAA	35	0	0	39	0	0	0	73	2	0	59	19	70	0	56	44	0	73	4	16	0	0	17	12	0	23	0	43	0	23	39	35	0	0	41	0	0	46	59	0	0	0	72	0	80	0	70	28	0	72	0	0	21	38	81	29	0	0	0	0	0
8860530	TGCAGGAAAAAACTAAGCCTAGTAAGGTGGAGATAAAAAAAGAAAACACCTCGGCTTTAAAAAGAAGACAGAAACATGCATTGCAGCGATGCAAT	11	0	0	2	0	0	0	0	0	0	17	7	16	0	17	23	0	15	0	3	0	1	13	9	0	4	0	27	0	33	25	9	0	0	26	0	0	7	21	0	0	0	0	0	21	0	42	0	0	0	0	0	9	33	32	9	0	0	0	0	0
8908837	TGCAGGTATCGGAGACGTGTCTGGGTTTCTTCTAGGAGCCTTTGGCATTCTGCAAAGTTAGTTTGCAGATCTTCTCCTCTCTGCTGGAATGCTGC	21	0	0	1	0	0	0	0	0	0	29	6	44	0	38	40	0	36	0	9	0	0	25	10	0	11	0	37	0	19	34	24	0	0	33	0	0	31	32	0	0	0	0	0	42	0	0	0	0	0	0	0	23	22	58	16	0	0	0	0	0
8925677	TGCAGGCCAGGTTTGAGTCCCCTCGAGTAATTGGGAGACTGTTCTGGACTTCTCCTGATCCATGGATGGCGAGCCTACCCAGGGAGCACGATAAT	62	0	0	40	0	0	0	117	0	0	77	34	112	0	96	55	0	123	0	15	0	0	34	29	0	48	0	108	0	43	98	46	0	0	74	0	0	77	97	0	0	0	114	0	130	0	120	50	0	106	0	0	33	75	110	45	0	0	0	0	0
8926007	TGCAGGTTCCTCTCTAAATTTTTTACATATGACTGCACCGGTTGATGGTTATTAGACAGCATTTTTTTTAAAAGACTGGGAATCTCTGCAGCAAG	23	0	0	22	0	0	0	26	0	0	37	23	31	0	34	24	0	27	0	10	0	0	14	10	0	11	0	30	0	16	19	17	0	0	23	0	0	23	31	0	0	0	45	0	25	0	33	17	0	27	0	0	13	25	43	16	0	0	0	0	0
8963232	TGCAGGTGACGGGGGTCCTACGCGGCTGCGTAATTCGCGTATAGGGAGGGCCGGCCATGTCCACAAGACAATCATTTCTCAGCTGACTTAACAGT	16	0	0	11	0	0	0	49	0	0	39	9	39	0	28	14	0	42	0	6	0	0	10	14	0	13	0	21	0	22	33	21	0	0	20	0	0	21	27	0	0	0	45	0	46	0	50	15	0	32	0	0	20	24	40	13	0	0	0	0	0
8967901	TGCAGGTTTTCATGGGACCTGAGTTTCAATAAAGTTGGGGTTTTTCTTTTATCTAATGTTGTCTGAGAATAAAGGCACCATTGAACTGCACTGGA	12	0	0	10	0	0	0	15	0	0	22	1	17	0	19	15	0	21	0	2	0	0	5	8	0	13	0	19	0	27	17	8	0	0	14	0	0	10	11	0	0	0	22	0	19	0	19	11	0	22	0	0	8	10	16	8	0	0	0	0	0
8987545	TGCAGGATGCAGTATTTCTTCTGATATTCCTATCATTTTAAACAAGAAGAAAACATGTTTGTATAGTTATTGTTTAGATAAACATAAACAGTAAT	23	0	0	19	0	0	0	35	0	0	41	7	43	0	41	27	0	54	0	9	0	0	17	15	0	21	0	22	0	20	25	22	0	0	38	0	0	39	42	0	0	0	70	0	57	0	49	26	0	54	0	0	24	35	56	17	0	0	0	0	0
8991841	TGCAGGTCATAATCGAAACAAGTTTTACTTTTTCACTTTGGATGAAAAGCAAGTTGTTTTTAAGTCTGTGCGGTAGATGCAATAATTAAAGTATG	21	0	0	22	0	0	0	31	0	0	29	3	41	0	29	21	0	28	0	6	0	0	12	15	0	17	0	29	0	17	18	15	0	0	15	1	0	19	24	0	0	0	40	0	28	0	37	25	0	25	0	0	8	31	42	15	0	0	0	0	0
9000871	TGCAGGATTGCATCTACATGAAAATGAAATCAGGGACATTGAATTAGATTAATGTAACAATTACTTTTTGGAAACACAATTTTCCAGCGCTGCTT	20	0	0	14	0	0	0	36	0	0	47	13	39	0	56	42	0	52	0	12	0	0	18	7	0	18	1	19	0	5	47	16	0	0	34	0	0	44	28	0	0	0	43	0	47	0	54	16	0	39	0	0	14	35	55	16	0	0	0	0	0
9029824	TGCAGGCTGCAAAAAATGTTCACATGTCAACATGTACACAAAACAGATAGTTTTCACGAACGCATACCTATGCCTTTAAACCAACTAGTGTGAAA	39	0	0	36	0	0	0	70	0	0	71	29	76	0	70	46	0	70	0	20	0	0	37	27	0	40	0	79	0	22	58	40	0	0	61	0	0	65	61	0	0	0	75	0	86	0	77	39	0	68	0	0	35	55	98	31	0	0	0	0	0
9058085	TGCAGGCATCAGAAGATGGAACTACTTTGCTGCAGAACAGCTTCTAGTCTACGACATTGCTAAATATCGCTGGTGTGAAAATGTGGGCAGGTTTC	19	0	0	25	0	0	0	41	0	0	49	13	57	0	38	18	0	50	0	11	0	0	24	8	0	14	0	42	0	25	36	19	0	0	18	0	0	24	22	0	0	0	52	0	46	0	38	26	0	42	0	0	22	30	44	19	0	0	0	0	0
9133618	TGCAGGAATTAAAAGAACATGGCAGCAGCTAAAAATGAAGTATAAAAACAATTCAATTAGGTCAAATTTGAGCATGTCATGGATGTATTCTTTTT	11	0	0	7	0	0	0	34	0	0	15	6	22	0	9	15	0	19	0	8	0	0	3	6	0	15	0	21	0	14	25	10	0	0	12	0	0	22	16	0	0	0	32	0	22	0	28	16	0	18	0	0	11	15	25	11	0	0	0	0	0
9200162	TGCAGGGACAGCAGGTTCATCCGCTACTGAAGACTAATGCTAAACAGAACCGACACCTGTGGGGAAAACAGTTTCCGGTAGCAGAAAAGGCATGG	22	0	2	22	0	0	0	35	0	0	36	9	39	0	25	19	0	46	0	13	0	0	6	11	0	22	0	40	0	19	20	17	0	0	24	0	0	25	31	0	0	0	35	0	37	0	36	23	0	39	0	0	10	21	51	18	0	0	0	0	0
9212043	TGCAGGTTAGCCAGAGAATCAAAGCTGGTGTGAGAGGTGTAGTTCTCCAAGCCTTTCAGGAGGTCTCCACCCATGGCTGCTCTGGTTATGCTCAT	27	0	0	17	0	0	0	27	0	0	40	12	38	0	27	33	0	36	0	10	0	0	23	15	0	14	0	27	0	33	27	34	0	0	37	0	0	31	32	0	0	0	34	0	39	0	44	24	0	33	0	0	15	25	49	15	0	0	0	0	0
9224285	TGCAGGAAGCAGAGATTGTGGTTTTGTTTTTTGTGTTTTTTGTGTATCTCGGAACACTCTCCACACATTAAGCTCTCAGGCTAAATGTATGGAGG	11	0	0	0	0	0	0	0	0	0	17	6	16	0	26	17	0	27	0	4	0	0	8	2	0	10	0	24	0	13	18	16	0	0	17	0	0	13	13	0	0	0	0	0	32	0	0	0	0	0	0	0	8	18	35	13	0	0	0	0	0
9224368	TGCAGGATTTTTAATCCGCAATGACAGAGTGTGTTGCCAACAGTAACTTTTGTTACTGTTGTCCCAGCTCTCCTCAGGTCATTGACCAGTCCCCC	25	0	0	27	0	0	0	25	0	0	49	1	39	0	38	19	0	32	0	12	0	0	26	7	0	28	0	33	0	17	32	16	0	0	29	0	0	55	37	0	0	0	52	0	53	0	40	24	0	44	0	0	18	41	69	21	0	0	0	0	0
9226900	TGCAGGGATTTGAACCAGGACCTTTTCACTGTGAAGTGAGAGTGCTAACACTACACTACTGTGCATATCAGATTATATATTGGCACACTACAACA	32	0	0	0	0	0	0	0	0	0	53	14	51	0	45	34	0	61	0	19	0	0	32	22	0	38	0	47	0	50	50	39	0	0	37	0	0	51	56	0	0	0	1	0	68	0	0	0	0	1	0	0	19	34	72	24	0	0	0	0	0
9239465	TGCAGGTGGAGTCAGGCACATTCATCTGGGAGAGTTTTTAATACTAAAGATGTATGAAAGACATACCGAAAAAATATGTCTTTCACTGTTTAACT	13	0	1	1	0	0	1	0	0	0	36	10	46	0	36	19	1	49	0	8	0	0	21	7	0	14	1	37	0	35	29	17	0	0	32	0	0	35	33	0	0	0	1	0	45	0	1	2	1	0	0	1	32	12	48	18	0	0	0	0	0
9245509	TGCAGGGTATCTGATAACTGGCAGTGCATAGCTGTTTATTGCCCGGGTCTCATTCTTGCCATTGAGCTGGCCTCTCAGGACTTGCCTCACTCGTT	58	0	0	0	0	0	0	1	0	0	83	19	91	0	75	63	0	87	0	14	0	0	39	24	0	48	0	85	0	75	79	50	0	0	50	0	0	43	79	0	0	0	0	0	88	0	0	0	0	0	0	0	34	67	112	33	0	0	0	0	0
9256846	TGCAGGGGACAAGAAAAAGAAGAGCACCACCGCAGATACGTTTAACACCACCAGGAAGGTGTGTGTCAGTGGAATGAGTGTTAGTCGCTGGAAAA	25	0	0	18	0	0	0	34	0	0	41	3	42	0	26	26	0	38	0	10	0	0	18	8	0	24	0	17	0	24	28	17	0	0	30	0	0	23	28	0	0	0	36	0	31	0	21	25	0	48	0	0	12	33	54	13	0	0	0	0	0
9257862	TGCAGGAAACCTCAACTACATCCCAACCAATAGACTTTTGGAAACCACTCAATAGGACTCAGACCCATATCCCGGTTCCTTTTGTTGTTTGTTTG	24	0	0	31	0	1	0	44	0	0	38	12	36	0	43	36	0	39	0	20	30	0	24	9	0	21	0	28	0	30	37	27	0	0	31	0	0	31	39	0	6	0	51	0	46	0	52	16	0	44	0	0	14	26	47	22	0	0	0	0	25
9280393	TGCAGGCAGAATGGTAATGACAGATCTGCTAAAGCCTGAGGAGATCAAGAAAGCTCTTGATGCCTTTGCAGGTCTGCAAAAACGATACAGTGAAG	22	0	0	0	0	0	0	0	0	0	36	11	41	0	29	33	0	37	0	9	0	0	24	9	0	11	0	31	0	14	44	22	0	0	22	0	0	34	32	0	0	0	0	0	24	0	49	0	0	0	0	1	18	21	37	21	0	0	0	0	0
9323120	TGCAGGAATTAAAAGCAGCTGCTAAAAATGAAGTATAAAAACATAATTCAATCAGGTCAAATTTGAGCATGTCATGGATGTAGGCTTTGTTGACA	22	0	0	20	0	0	0	44	0	0	30	12	28	0	24	22	0	34	0	5	0	0	9	7	0	16	0	25	0	21	21	19	0	0	17	0	0	35	20	0	0	0	28	0	30	0	27	27	0	29	0	0	12	29	52	13	0	0	0	0	0
9340950	TGCAGGTGAGGAGTTGTTATTGAGGGTGGAAGTATCACGAGCTCAGATTTGGGTGGCTCGCCATCAAGTTGTAGATCAAAGCATACATAACAAAA	17	0	0	28	0	0	0	37	0	0	20	8	32	0	17	33	0	43	0	12	24	0	13	11	0	30	0	30	0	5	22	18	0	0	16	0	0	19	33	0	11	0	44	0	31	0	39	18	0	24	0	1	14	17	39	23	0	0	0	0	19
9347069	TGCAGGGTGACGCTTCCGGCGGCGTTCTTCAGCAGCGCCCCGGCTTCGTCGTGAGTCATTCCCTCGGTGGACACGTCGTTGATGCAGAGGATCTG	22	27	0	24	0	0	0	51	0	0	47	14	60	0	28	25	16	40	0	15	0	20	14	18	23	21	0	29	1	20	33	43	0	0	38	0	0	34	27	0	0	0	42	0	47	0	0	22	0	38	0	0	15	34	43	14	0	0	0	0	0
9370211	TGCAGGTTTGGGGAATATGTGAGATTTTAAGGAAAGTAGAGAGAAGGAAAGTAATAAATACATGGTACTTTGATTAAAGTAATTTAATCAGGGCA	15	0	0	0	0	0	0	15	0	0	26	10	22	0	22	30	0	18	0	4	0	0	18	11	0	15	0	22	0	14	27	11	0	0	16	0	0	16	13	0	0	0	31	0	19	0	27	0	0	16	0	0	21	27	34	6	0	0	0	0	0
9400168	TGCAGGTGACGGGGGTCCTACGCGGCTGCGTAATTCGCGTATAGGGAGGGCCGGCCATGTGTGGAGGTCTGTTCTCAGCAGACTCCCTGTCTAAC	37	0	0	25	0	0	0	81	0	0	76	12	94	0	42	59	0	73	0	9	0	0	30	28	0	40	0	43	0	46	87	40	0	0	54	0	0	68	62	0	0	0	86	0	68	0	85	57	0	92	0	0	26	44	120	23	0	0	0	0	0
9474825	TGCAGGGTCACAGTCGCAGGGTCAGCCTTGTTGAGTGGCACCCGACCGCAAACAACATCCTCTTCAGCACAGGCTACGACTACCAGGTAACACAA	37	0	0	38	0	0	0	60	0	0	67	24	75	0	55	56	0	63	0	17	0	0	30	25	0	28	0	58	0	34	51	49	0	0	56	0	0	46	49	0	0	0	84	0	60	0	71	28	0	71	0	0	41	56	91	21	2	0	0	0	0
9499312	TGCAGGCCAGCAACCCCGGATCCTCGAGTAAACTAAGTTTGTTTAAATGACAGCGAGGCTTAAACGGAGCTAATCTTCCAGCCCGTCCACTTTCT	32	0	0	25	0	0	0	34	0	0	50	14	57	0	33	27	0	51	0	11	46	42	18	10	0	40	0	45	0	21	30	25	0	0	48	0	0	30	40	0	21	0	73	0	42	0	40	20	32	48	0	0	21	36	68	14	0	0	0	0	44
9522434	TGCAGGCACCGACCATCCATTTGACCTTTTTTATTAATTGATTTTTTCAACGAGAACTTTAAGATTAGTTTTTAATTAGTCTGTTTTGATTCAAA	16	0	0	13	0	0	0	19	0	0	20	5	23	0	17	15	0	17	0	9	0	0	11	3	0	17	0	14	0	9	12	9	0	0	9	0	0	21	16	0	0	0	23	0	19	0	30	10	0	11	0	0	11	15	29	6	0	0	0	0	0
9527885	TGCAGGGGAGGGAATGAGAGGCAGGCTGGATTTGTGCAGGGGGAGCGACTGAAGGCAGGCTGGATCGTGCTTTGTCTGAGAGCCGCCCGCAGGCA	38	0	0	0	0	0	0	52	0	0	86	22	84	0	54	42	0	58	0	23	0	0	39	24	0	31	0	51	0	46	67	26	0	0	37	0	0	39	52	0	0	0	63	0	59	1	0	0	0	74	0	1	19	49	92	20	0	0	0	0	0
9561533	TGCAGGATTGCATCTACGTGAAAATGAAATCAGGGACATTGAATTAGATTAATGTAACAATTACTTTTTGGAAACAGTACTGCTTACTTTCTTAA	22	0	0	19	1	0	0	37	0	0	53	12	45	0	29	22	0	33	0	8	0	0	19	16	0	19	0	35	0	21	28	22	0	0	30	0	0	38	42	0	0	0	34	0	37	0	34	21	0	34	0	0	11	32	51	16	0	0	0	0	0
9574834	TGCAGGATTGCATCTACATGAAAATGACATCAGGGACATTAAATTAGATTAATGTAACAATTACTTTTTGGAAACACAATTTGCTAGTACTGCTT	10	0	0	13	0	0	0	35	0	0	22	7	15	0	17	21	0	29	0	2	0	0	13	2	0	14	0	25	0	16	17	16	0	0	30	0	0	17	23	0	0	0	39	0	22	0	26	13	0	21	0	0	11	11	24	29	0	0	0	0	0
9585922	TGCAGGAATTAAAAGAACATGGCAGCAGCTAAAAGTGAAAAAAAAATCGAGTCTTCTCAAAATCCTCATACGACGTAAATATAATTCTCTACGAA	6	0	0	7	0	0	0	26	0	0	22	7	29	0	19	15	0	27	0	5	0	0	6	5	0	14	0	19	0	10	24	14	0	0	15	0	0	11	20	0	0	0	34	0	28	0	27	17	0	15	0	0	11	14	31	7	0	0	0	0	0
9592751	TGCAGGGTATCTGATAACTGGCAGTGCGTAGCTGTTTATTGCCTGGGTCTTATTTTATTCCATTGAGCTGGCTTCTCAGGACTTGCATTACTCGT	44	0	0	0	0	0	0	0	0	0	85	25	88	0	64	50	0	91	0	19	0	0	51	14	0	38	0	65	0	44	69	30	0	0	62	0	0	65	57	0	0	0	0	0	81	1	0	0	0	0	0	0	34	59	92	21	0	0	0	0	0
9601938	TGCAGGAATAATAAGATGGCCAAAGAAAGAGATACAGACCAAGGATGTTAAAAGACGAAAGATTCTCACCATGCATGGAGGGTTCCATCCCAAAT	29	0	0	1	0	0	0	0	0	0	54	24	72	0	31	23	0	54	0	20	0	0	30	18	0	45	0	40	0	38	35	34	0	0	37	0	0	49	39	0	0	0	0	0	80	0	0	0	0	0	0	0	15	33	57	13	0	0	0	0	0
9630505	TGCAGGAAACATAGCGGGTGGCCTCTTTTTACTAACTGGGTCCTGTTTGTCGTGGAAAGCACTTCTACAAAGTTGCCACTAATCTTTTTTTTCAT	6	0	0	7	0	0	0	27	0	0	18	6	14	0	8	9	0	11	0	3	0	0	5	4	0	13	0	9	0	10	14	17	0	0	13	0	0	12	12	0	0	0	23	0	22	0	16	10	0	10	0	0	5	10	19	7	0	0	0	0	0
9675223	TGCAGGGTATCTGATATATATATATATATATGTGTGTGTGTGTGTGTGTGCAGAATTAAGATTAAAATAGTGTTTAATAAACATAGTATTATGAA	18	0	0	7	0	0	0	18	0	0	17	5	15	0	14	19	0	10	0	8	0	0	8	7	0	6	0	13	0	7	20	11	0	0	17	0	0	9	7	0	0	0	19	0	16	1	18	10	0	23	0	0	7	5	16	5	0	0	0	0	0
9679789	TGCAGGTCATGTCGGGCCTCCTTTACCTTGCAATGCCATCAAATTGGTGGATGTGGCTGAAATGAATTACCTGGCAGCCAACGGTGAGGGAGAGG	13	0	0	11	0	0	0	25	0	0	20	7	30	0	17	19	0	26	0	4	0	0	5	0	0	16	0	14	0	26	28	18	0	0	21	0	0	26	17	0	0	0	38	0	23	0	33	15	0	20	0	0	15	12	42	5	0	0	0	0	0
9688912	TGCAGGGCAAGGACACCAGCATCCTGAGCCTGGATGACAAGGTGGGTGGTTCCCTGAAGAAAGCAGAGATGTGGAAAAGGCCATGTGATCAGGAG	29	0	0	27	0	0	0	53	0	0	62	16	74	0	39	27	0	66	0	17	0	0	28	16	0	37	0	42	0	27	60	42	0	0	45	1	0	56	52	0	0	0	56	1	57	0	61	32	0	47	0	0	11	45	72	26	0	0	0	0	0
9776422	TGCAGGTGCAAGAATGCATCACATGCTGTGCAAAATACGGAGGACAATGTGCCATGCTTTAAATCAGTGTGGAAATATACAGTGGAATAACAAAT	34	0	0	0	0	0	0	0	0	0	55	21	58	0	30	46	0	61	0	5	0	0	29	23	0	27	0	32	0	25	50	34	0	0	38	0	0	39	47	0	0	0	0	0	34	0	0	0	0	3	0	0	11	40	60	15	0	0	0	0	0
9821992	TGCAGGGGATAGTACACATAATTCTGCGGCATCTGACACTTAAGGAGAAAAGATTTGTCTTAAAGATTCACTTACATATACTGGAGAAGAGTAGG	26	0	0	0	0	0	0	50	0	0	36	10	35	0	30	34	0	30	0	8	0	0	15	15	0	18	0	35	0	20	30	23	0	0	21	0	0	18	29	0	0	0	49	0	29	0	46	0	0	23	0	0	8	37	37	10	0	0	0	0	0
9845356	TGCAGGAGCGTAATAGAGAGGCGGCAGTGCACGAGATATGATGAGATTAGGGCTGAGGGAGGGGGGTTTGAAAAGACTGGATGAGCTTCTGATGG	25	32	0	15	0	0	0	73	0	0	59	13	49	0	27	30	44	38	0	9	0	91	13	12	51	28	0	42	2	28	39	20	0	0	42	0	0	41	37	0	0	0	45	0	48	0	42	33	62	49	0	0	22	37	57	16	0	0	0	0	0
9864829	TGCAGGGGCTAAAAAATCCACAATTCTCTGTGGAGATGGGGGATAAATGACTTAAGTGTCTGGATGCCAACAATCCTGAATTTCTTTTCCTGTGA	25	0	0	0	0	0	0	0	0	0	26	14	30	0	25	25	0	47	0	9	0	0	18	9	0	22	0	40	0	8	28	22	0	0	34	0	0	19	28	0	0	0	0	0	43	0	0	0	0	0	0	1	11	38	50	13	0	0	0	0	0
9894236	TGCAGGTCTGCTGTGTATAACGTGCACAGACATGGCTGTGATGGCAGGAAACAGTGGAGAGACCTGCTATAGCAAATACGGTTCCATTTCCATCA	38	0	0	0	0	0	0	0	0	0	72	12	64	0	48	45	0	76	0	10	0	0	28	13	0	20	0	57	0	25	49	42	0	0	40	0	0	46	32	0	0	0	0	0	58	0	70	0	0	0	0	0	16	55	69	23	0	0	0	0	0
9947916	TGCAGGTTTGCTGACCATGGCTGCATGCTGATCATCAGGAGTGTCCATTTCCTCCCTGATGGGCGTTCTGTGGTTGACACAATCGGAGGAAAACG	31	0	0	23	0	0	0	73	0	0	59	13	57	0	36	41	0	71	0	23	0	0	23	12	0	20	0	45	0	28	46	34	0	0	42	0	0	51	45	0	0	0	58	0	62	0	55	34	0	58	0	0	10	44	52	16	0	0	0	0	0
9964522	TGCAGGCCTATTTCAGTTTACTGTTATGCCCTTTGGTTTGCATGGTGCCCCAGCCACCTTCCAAAGGTTTAATGGACAGAGTGCTACAGGGATGT	38	0	0	0	0	0	0	0	0	0	52	20	66	0	41	37	0	63	0	9	0	0	26	13	0	24	0	60	0	39	46	30	0	0	61	0	0	58	40	0	0	0	0	0	55	0	98	0	0	0	0	0	18	42	56	17	0	0	0	0	0
9985866	TGCAGGAGCGGGATTTTTCTTTGTAGGCAAACGAGATGGGGGTTTGCGGCCTTGCGTTGACTACAGGGGGTTGAATAACATCACTGCTCGGAACA	25	0	0	13	0	0	0	30	1	1	29	6	34	0	22	24	0	31	0	2	0	0	14	2	0	20	0	20	0	23	30	17	0	0	29	0	1	29	29	0	0	0	43	1	29	0	23	11	0	30	0	0	20	25	48	7	0	0	0	0	0
9989093	TGCAGGTGACGGGGGCCCTACGCGGCTGCGTAATTCGTGTATAGGGAGGGCCGGCCATGATAACAATAGTAATAGTTTTCTGAAAAGAGCATTCA	12	0	0	13	0	0	0	34	0	0	18	1	16	0	15	10	0	31	0	2	0	0	14	1	0	15	0	10	0	7	16	8	0	0	22	0	0	20	10	0	0	0	18	0	20	0	15	7	0	15	0	0	5	11	28	9	0	0	0	0	0
10000313	TGCAGGGTATCTGATGACGGGCAGTGCGTAGCTGTTTATTGCCCGGGTCTTATTTTTGCCATTGAGCTGGCTTCTCAGGACTTGCCTTACTCATT	47	1	0	0	0	0	0	0	1	1	74	23	81	0	46	56	0	72	0	17	0	0	37	21	0	26	0	34	0	34	60	37	0	0	73	1	0	60	56	0	0	0	1	0	66	0	1	0	0	0	0	0	33	55	86	29	0	0	0	0	0
10054945	TGCAGGCAGAAGCTACAAGGAATTTAAGGCGGAATGACTTGAATGCCTGGACTGCAGACTGAAACCTCACGCTGCTCTATGACGACCGTCTACAA	27	0	0	23	0	0	0	75	0	0	48	15	54	0	32	41	0	56	0	8	0	0	32	11	0	21	0	38	0	32	49	27	0	0	48	0	0	48	42	0	0	0	74	0	45	0	69	22	0	43	0	0	14	29	56	31	0	0	0	0	0
10094952	TGCAGGTGCTGGACCTGTGCAACCCGAGAACGAAGCCGCTGGACTAACAAACCCTGGGGAGCAAGGTGCCACGCCACATGTGGGAGGCTCGGCAG	16	0	0	17	0	0	0	34	0	0	36	10	37	0	33	38	0	34	0	9	46	0	6	11	0	12	0	17	0	4	37	32	0	0	26	0	0	24	37	0	21	0	38	0	16	0	40	35	0	26	0	0	19	19	43	10	0	0	0	0	27
10130540	TGCAGGGTGGAGGCAATATGAAGATGATTTAACCCGTTATATATACGTTTGCAGCTCCTAATGTTAGAGAAATGATGGAAGGACTGTGCAATGTC	20	0	0	23	0	0	0	72	0	0	58	12	65	0	30	39	0	43	0	13	0	0	32	10	0	22	0	46	0	19	32	31	0	0	29	0	0	32	27	0	0	0	33	0	37	0	57	22	0	62	0	0	12	32	57	10	0	0	0	0	0
10150989	TGCAGGAGGAAAAGACACAGAAGACATTGAAGGAGCATCATCAGAAAGAGGCCAAGAGAAAAAAATACAATAAGTGAAAACTTCCTGTACCAGAA	26	0	0	0	0	0	0	0	0	0	41	7	29	0	35	20	1	31	0	3	0	0	18	3	0	18	0	23	0	16	20	22	0	0	25	0	0	11	24	0	0	0	0	0	29	0	0	0	0	0	0	0	6	32	29	16	0	0	0	0	0
10156201	TGCAGGTTTTACATTTACAATCCACATGCAAATGTGGTGGAATGAAGGGCACCATAAAGACGCGGCTCATCACGGCGCAGGAGAGCGTGATTCAT	35	0	0	36	0	0	0	104	0	0	58	12	72	0	53	36	0	56	0	18	0	0	17	16	0	22	0	58	0	20	51	43	0	0	44	0	0	43	50	0	0	0	81	0	73	0	55	25	0	52	0	0	30	48	50	26	0	0	0	0	0
10175380	TGCAGGATTGCATCTACATGAAAATGACATCAGGGACATTGAATTAAATTAATGTAACAATTACTTTTTGGAAAAACAATTTGCTAGTACTGCAT	11	0	0	13	0	0	0	40	0	0	19	8	24	0	20	12	0	25	0	13	0	0	7	9	0	7	0	17	0	15	19	9	0	0	22	0	0	14	11	0	0	0	28	0	26	0	17	13	0	21	0	0	5	21	22	12	0	0	0	0	0
10192498	TGCAGGCAGAAGCTACAAGGAATTTAAGGCGGAATGACTTGAATGCCTGGACTGCAGACTGAAACCTCACGCTGCTCCATTACGACCGTCTACAA	59	0	0	57	0	0	0	138	0	0	106	28	108	0	72	49	0	109	0	26	0	0	45	25	0	64	0	68	0	54	92	51	0	0	92	0	0	74	63	0	0	0	114	0	112	0	93	49	0	98	0	0	31	78	126	42	0	0	0	0	0
10215216	TGCAGGACGACCACAAAATATAAACAAGGTCAGTAATATACTGCTGTTCAAATCACCATTTTAATTATTGTCTGAGGCTTTAATTATTTCCCTTA	19	0	0	19	0	0	0	40	0	0	37	9	40	0	37	20	0	44	0	12	0	0	15	14	0	16	0	24	0	26	31	22	0	0	38	0	0	35	26	0	0	0	38	0	28	0	56	27	0	37	0	0	16	32	45	4	0	0	0	0	0
10257457	TGCAGGGAAAGCTGCGTCTTAATTTGACGCCCGTGTTTGCATCTCACTGACAGAGTTTGAAGCCAAAGCCCCTCCTCCGCCTCTTTACATGCTTT	34	0	0	0	0	0	0	0	0	0	46	12	60	0	38	39	0	48	0	11	0	0	28	17	0	35	0	34	0	28	45	19	0	0	54	0	0	34	41	0	0	0	0	0	51	0	0	0	0	0	0	0	20	26	64	18	0	0	0	0	0
10294222	TGCAGGCTCCCACCTGGAGACTGAATAAACAGCAACCTGTCAGATTAGTTTGCATTAATTTTATTTTTTTAATCATGAACTCTTTTAACACTCAG	20	0	0	21	0	0	0	33	0	0	36	9	37	0	39	26	0	33	0	4	0	0	18	8	0	13	0	31	0	24	35	22	0	0	21	0	0	18	36	0	0	0	47	0	39	0	44	25	0	30	0	0	8	16	40	13	0	0	0	0	0
10319956	TGCAGGATTGCATCTACATGAAAATTAAATCAGGGACATTGAATTAGATTAATGTAACAATTACTTTTTGGAAACACAATTTGCTAGTACTGCTT	24	0	0	33	0	0	0	50	0	0	48	19	39	1	28	37	0	34	0	30	0	0	22	13	0	20	1	45	0	18	55	27	1	0	39	0	0	42	37	0	0	0	57	0	53	1	57	25	0	45	1	0	17	41	64	24	0	0	0	0	1
10419989	TGCAGGAGAGGTGGCTACATAGGGAACACAGTCACAATAATCAGATTTTTAAAGAATTCTTCAAAAAATAAGACAGTGATTTTTTGGATTTATTT	7	0	0	20	0	0	0	30	0	0	19	12	22	0	24	20	0	21	0	8	11	0	13	9	0	15	0	17	0	20	24	16	1	0	16	0	0	20	15	0	5	0	30	0	16	0	29	26	0	20	0	0	17	17	35	8	0	0	0	0	18
10422125	TGCAGGTGGTCTAAGCATGCATTATAGATTATCATATTTAAGGTAAAATCTTTAAAGAGGCATACAAATGGCTGACAAATTAGATAGGGGTGGAT	17	0	0	21	0	0	0	26	0	0	30	8	36	0	28	25	0	33	0	4	0	0	14	16	0	17	0	17	0	19	28	29	0	0	21	0	0	12	22	0	0	0	53	0	39	0	39	17	0	28	0	0	16	19	44	14	0	0	0	0	0
10522231	TGCAGGCAGAAGGCAAGGGACTGGGAGAATAGGAAAAGTTATGTAGTGACTCGCTCCCATGTCTCAAAATTACTGAAAAGTCTGTTGAGATTAGA	22	0	0	0	0	0	0	0	0	0	69	20	55	0	29	29	0	66	0	11	0	0	43	12	0	15	0	39	0	26	38	32	0	0	39	0	0	46	58	0	0	0	0	0	51	0	0	0	0	0	0	0	7	20	53	28	0	0	0	0	0
10540197	TGCAGGGTGAAAGGTGTGAAGCCATTTATAGCAAAAACTTATTGCTCCAAGTATGTTTGTTCACTCACTATTCCAAAGATGAATGAAGCATAGCA	20	0	0	0	0	0	0	38	0	0	32	14	43	0	31	38	0	39	0	7	0	0	20	17	0	30	0	23	0	24	33	17	0	0	49	0	0	31	33	0	0	0	39	0	49	0	0	0	0	47	0	0	14	37	61	16	0	0	0	0	0
10565854	TGCAGGTAAGGTTGTTCATAATGTGTTTAGTTAACGTTAGTCAACTATGTGTACCGTTATTGGATAAATGCATTTCTACCTGAACAAATTAATGT	13	0	0	10	0	0	0	35	0	0	19	4	26	0	21	36	0	24	0	3	0	0	15	9	0	17	0	32	0	23	23	20	0	0	15	0	0	19	22	0	0	0	34	0	31	0	22	9	0	20	0	0	14	25	27	18	0	0	0	0	0
10605427	TGCAGGGTCTTTGAGGTAAAGTTCCATTAGTTGTTGTCACACACCTGGTTGTGCAAATTGCCACATTTGACCCCGATGCAGCCAGATCGCGTTCT	22	0	0	17	0	0	0	57	1	0	40	16	52	0	54	18	0	48	0	13	0	0	25	13	0	23	0	50	0	30	40	16	0	0	52	0	0	45	41	0	0	0	71	0	54	0	41	24	0	39	0	1	11	37	53	11	1	0	0	0	0
10605628	TGCAGGACAGCGCTGGAGGTGATTCTTTACAACTTTCTGGAGAAGAGGCGGAGTCTCTTCTTTCAGGCTCCTTTAAACTAACGTATCCACGTTTC	23	0	0	19	0	0	0	48	0	0	45	10	36	0	44	38	0	37	0	9	0	0	30	5	0	11	0	29	0	18	48	26	0	0	25	0	0	46	33	0	0	0	38	0	46	0	54	17	0	34	0	0	16	39	50	14	0	0	0	0	0
10629609	TGCAGGACAGGCCATAAAAATAATTTTAGTCCATATGCAAAATAAGACCACTCCAAAATGAAAGCGGAGCCGCACTAGAAGGCTACGTGACTCTT	46	0	0	33	0	0	0	117	0	1	68	19	64	0	62	39	0	62	1	27	0	0	28	19	0	53	0	45	0	47	59	26	0	0	45	1	1	65	52	0	0	0	71	0	98	0	80	30	0	92	0	0	17	54	61	40	1	0	0	0	0
10723245	TGCAGGAATAATAAGATGGCCAAAGGAAGAGCTACAGACCACGGATGTTAAGACACGAAAGCTCCTCACCATGCATGGAGGGTTCCATCCCAAAT	34	0	0	40	0	0	0	87	0	0	77	20	70	0	48	51	0	87	2	23	1	1	34	13	0	30	1	51	0	40	43	37	0	0	51	2	1	50	61	1	1	0	87	0	51	0	71	20	1	67	1	0	37	59	85	26	3	0	1	0	0
10784410	TGCAGGAGCAGTATTCTGCACTTCATTTAAGTTTTCAAAAGTCTTCAAGAAAGATTGAAGAGGAGATGAACAAACTGACACAAAGAGTTTTTAAA	19	0	0	0	0	0	0	2	0	0	25	11	40	0	18	13	0	28	0	5	0	0	16	3	0	10	0	18	0	11	14	9	0	0	27	0	0	24	21	0	0	0	1	0	24	0	0	0	0	0	0	0	10	11	23	11	0	0	0	0	0
10813579	TGCAGGGTAGTCGCTGTGTTTACTCTGGCTAAGCTGCATTTGATGTGTGTATTGAGGGTAGATACTTTCCTTGAAATAAACACAAGTACGATACT	32	0	0	0	0	0	0	0	0	0	62	10	44	0	60	47	0	35	0	9	0	0	31	14	0	23	0	33	0	30	57	58	0	0	53	0	0	44	41	0	0	0	0	0	52	0	0	0	0	0	0	1	16	67	40	23	0	0	0	0	0
10830639	TGCAGGTATGTAATACAGATGTCAGTAATTTGCTGTCATTTGAGAATATTCTGATCAGCCAGTCAGACTGTTAGCTGAATGGTCTTGTGAGCGGG	27	0	0	0	0	0	0	0	0	0	42	33	55	0	50	39	0	57	0	24	0	0	20	12	0	32	0	71	0	30	58	38	0	0	49	0	0	41	58	0	0	0	0	0	49	0	0	0	0	0	0	1	20	68	78	21	0	0	0	0	0
10866827	TGCAGGATGTTCTTGTTGGAACACCTTTGTCTGAAATTACCTGTAGATAACCTGTAGATGTTTCAACGTACTTATTCACAGCGAGGAACACATTT	26	0	0	19	0	0	0	47	0	0	54	15	66	0	50	37	0	60	0	8	0	0	13	9	0	23	0	37	0	35	38	24	0	0	34	0	0	39	34	0	0	0	56	0	42	0	72	25	0	46	0	0	16	45	72	18	0	0	0	0	0
10969450	TGCAGGAATTAAAAGAACATGGCAGCAGCTAAAAATGAAGTATAAAAACATAATTCAATCAGGTATAATTTGAGCATATCATGGATGTAGGCTTT	17	0	0	13	0	0	0	37	0	0	39	8	29	0	40	29	0	35	0	21	0	0	11	12	0	16	0	27	0	17	36	27	1	0	27	0	0	18	30	0	0	0	43	0	17	0	33	25	0	38	0	1	25	25	32	19	0	0	0	0	0
10989892	TGCAGGGTATCTGATAACTGGCAATCCATAGCTGTTTGTCTGTTTTTGCTTACACAATATTTATTTTCCCATTGATGCGATAAGTGACTACTTCC	24	0	0	23	0	0	0	40	0	0	53	13	40	0	40	32	0	37	0	7	37	18	34	10	0	32	0	34	0	13	38	13	0	0	43	0	0	27	33	0	7	0	57	0	54	0	48	26	26	51	0	0	11	30	65	13	31	0	0	0	24
11021427	TGCAGGAACTACATTTTCTGCAGGCGGTGCCGGATTGTTCAGCAGCTGCTGTGTTGGAGCTTGAAGAAAAGGTGACTCGCGAATCGATGGAAAGC	22	0	0	12	0	0	0	25	0	0	35	8	19	0	24	26	0	27	0	6	13	0	9	7	0	14	0	25	0	10	14	7	0	0	14	0	0	16	18	0	14	0	23	0	19	0	43	26	0	24	0	0	9	18	25	12	0	0	0	0	22
11025402	TGCAGGACGCAAAATCTCATACAAGCGTCTTGACTTGTCTGAAGAGGAGTCTTGTGACTGATAAAAAATATGCGAAGATGTGAAACAGCGAATAT	25	0	0	0	0	0	0	0	0	0	40	20	21	0	46	29	0	32	0	5	0	0	18	7	0	18	0	21	0	25	29	23	0	0	21	0	0	34	23	0	0	0	0	0	35	0	0	0	0	0	0	0	12	19	47	14	0	0	0	0	0
11097939	TGCAGGGGAGGGAATGAGAGGCAGGCTGGATTTGTGCAGGGGAGCGACTGAAGGCAGCCTGGATCGTGCTTTGTCTGAGAGCCGCCCTCAGGCAG	41	1	1	0	0	0	0	43	0	2	36	21	42	1	53	41	0	54	1	14	0	0	23	6	0	15	2	33	1	42	49	18	1	1	31	0	0	22	35	0	1	1	45	1	39	1	1	1	1	42	0	1	27	35	72	18	1	1	0	0	0
11142171	TGCAGGTGTTCGCCGCGGATGTGAGTCGGCTCGTCATGGCGGCGTTTCACGCTGTACGGAGACGTGGCACAACGACGAGAGGAGAACTTCTGGCG	31	0	0	36	0	0	0	48	0	0	50	10	53	0	33	35	0	51	0	16	0	0	16	7	0	23	0	27	0	19	39	18	0	0	30	1	0	41	38	0	0	0	66	0	36	0	53	23	0	48	0	0	23	33	61	20	0	0	0	0	0
11266191	TGCAGGATATGCCAGCTTTCTTTCAAGAGACCTTTAGCACTCGTCTTTTCATCTACCAACATTGGTCTGACATCAAGATTTTACTCAGGGCTGCT	12	0	0	0	0	0	0	39	0	0	36	10	25	0	22	11	0	22	0	4	0	0	5	7	0	12	0	24	1	22	20	15	0	0	24	0	0	17	24	0	0	0	20	0	21	0	23	0	0	22	0	0	12	21	39	19	1	0	0	0	0
11339517	TGCAGGGGGCGCTTGTTGTTGCACTTTGTTGTGTGCTGTTTTGATGAGCTCAAAAACAGTGTGGAGAACATTATTTACCATAGTAATAATGAAAA	11	0	0	20	0	0	0	32	0	0	26	7	17	0	15	14	0	22	0	3	0	0	17	4	0	14	0	9	0	17	19	16	0	0	18	0	0	12	24	0	0	0	26	0	25	0	28	25	0	19	0	0	14	18	27	2	0	0	0	0	0
11419353	TGCAGGAATAATAAGATGGCCAAAGGAAGAGATACAGAGCACGGATGTTAAGACACAAAACCTCCTCACTGTACATGGATGGTTCCATCCCAAAT	21	0	0	0	0	0	0	0	0	0	44	9	48	0	41	41	0	42	0	2	0	0	3	17	0	22	0	37	0	19	33	26	0	0	29	0	0	37	27	0	0	0	0	0	42	0	0	0	0	0	0	0	9	25	52	21	0	0	0	0	0
11456586	TGCAGGGAATTTTTAAAAAAAAATATTTTTATCTCTGTTTGCAAATCTGCATTTAAGGTCCACAATCAACACCCCAAGTATTTCTAAACATGCAT	12	0	0	0	0	0	0	0	0	0	20	4	18	0	12	17	0	19	0	8	0	0	16	10	0	6	0	20	0	13	12	9	0	0	18	0	0	8	13	0	0	0	0	0	19	0	0	0	0	0	0	0	6	17	22	5	0	0	0	0	0
11530979	TGCAGGCTGCCTGGAGAGCCAGTGAACTGGACTGCTCTGTGGTGTTTCATGGAGGAGGTGAAGGAGTGGGAAGTAAAAGTGTGGGACAAGCCAGG	28	0	0	39	0	0	0	46	0	0	82	20	45	0	50	30	0	52	0	11	0	0	34	9	0	29	0	45	0	28	51	20	0	0	36	0	0	34	63	0	0	0	69	0	64	0	66	16	0	53	0	0	25	26	56	18	0	0	0	0	0
11591642	TGCAGGACCAAACCCGCTCTGTAACCATGACCATGAAACACAAATTTAATGAAACTTAGAAAACAAGTTTAGCTCAGAAAAAAAGCCTGTGAAAT	14	0	0	13	0	0	0	32	0	0	11	7	20	0	17	24	0	21	0	2	0	0	9	3	0	15	0	18	0	14	15	19	0	0	20	0	0	19	20	0	0	0	18	0	24	0	26	8	0	31	0	0	9	16	28	7	0	0	0	0	0
11621354	TGCAGGCCTTGAAGATCTGTTCTCTGATAACTTCTGTTCTCACTGACCCATGGCGTCTTCTTAGGAACAGCCATTAAACTTATGAGGGGGTAAAC	37	0	0	0	0	0	0	76	0	0	47	10	57	0	31	28	0	54	0	13	0	0	20	17	0	28	0	55	0	42	43	26	0	0	33	0	0	41	23	0	0	0	58	0	60	0	51	0	0	44	0	0	21	31	61	9	0	0	0	0	0
11687303	TGCAGGCCATTACACAGGCACCTGCTCCATCAGATGCTGTGAGTCTTCGTTCATTCCTGGGAATGCTATCCTGGTATGGAAAATTTATTCCTAAT	28	0	0	0	0	0	0	0	0	0	58	23	55	0	46	39	0	56	0	17	0	0	20	9	0	36	0	36	0	36	56	51	0	0	34	0	0	39	56	0	0	0	1	0	74	0	0	0	0	0	0	0	26	41	86	13	0	0	0	0	0
11854743	TGCAGGAAAAACAAACAAAAAAAAAAACACTCCACACCTCCCATTATTGCTGCTGCAAGAAATCCTCTGGAGTAGTATTACAATACTGTAAGTTT	11	0	0	10	0	0	0	20	0	0	8	3	21	0	21	12	0	24	0	5	3	0	8	9	0	11	0	5	0	13	15	8	0	0	20	0	0	14	12	0	5	0	20	0	13	0	19	12	0	15	0	0	13	14	15	13	0	0	0	0	8
12153484	TGCAGGGCTTCATCAAAGTGATGCAGGTGGCCCTCTGTGAAATAGACAAACCTTCCCTTTTGTGTATATCTGGAAAAGCAGCAAACAGTGCAATA	29	0	0	0	0	0	0	0	0	0	48	18	56	0	37	46	0	51	0	27	0	0	22	11	0	33	0	47	0	40	44	38	0	0	26	0	0	51	55	0	0	0	0	0	64	0	0	0	0	0	0	0	18	50	62	23	0	0	0	0	0
12983231	TGCAGGAATAATAAAATGGCCAACGGAAGGGATACAGACCATGAATGTTAAGACATCACCATGCATTGAGGGTTCCATCCCAAATCCAGCACCCC	35	0	0	0	0	0	0	0	0	0	63	15	71	0	45	25	2	53	0	20	2	0	28	7	0	19	0	37	0	28	43	18	0	0	49	0	0	44	47	0	0	0	1	0	66	0	2	2	0	0	0	0	30	42	80	16	0	0	0	0	0
13330461	TGCAGGTGGGTGTGTCACGTAGTCCTGATCCATTTCTGCCTTAGCTTAGCCACCATGTCGCTATCTTCACAGCATAGCTGCATAGCCTGATGGTT	30	0	0	20	0	0	0	61	0	0	63	17	75	0	30	32	0	66	0	22	0	0	23	10	0	37	0	49	0	29	55	32	0	0	37	0	0	56	33	0	0	0	85	0	70	0	45	29	0	55	0	0	24	45	62	28	0	0	0	0	0
13379328	TGCAGGTCCCCCCAACTGCAGCCCATCTTCACTTTGACCTTTAACTTCACATACAGCTTCACTGCAGACTCCATCTCCCTCTTGACGATCTGTGC	32	36	0	24	0	1	0	64	0	0	54	16	81	0	45	40	43	60	0	28	0	35	29	29	30	15	0	50	0	20	54	39	0	0	33	0	0	38	60	0	0	0	55	0	55	0	0	20	0	76	0	0	21	30	60	25	0	0	0	0	0
13403656	TGCAGGTCAATCAACATCCCTTCCTGCTACAAAATCAGCACTCAATTATAAAATTCAGTCAGAAATGACAGACACGCCTCTGATAAGAAACAATG	19	0	0	18	0	0	0	24	0	0	27	6	29	0	21	21	0	15	0	4	0	0	19	8	0	11	0	25	0	21	19	20	0	0	16	0	0	23	19	0	0	0	24	0	18	0	25	23	0	31	0	0	8	22	29	14	0	0	0	0	0
13405599	TGCAGGTTATCAGTTTTTATATCATGGTCTGGGTGAATACTCGATTCTGATTGGCTGCTGGGTGTACATTAAAAAGTCACCTAGCTTAAATGTTT	14	0	0	27	0	0	0	32	0	0	41	8	19	0	28	20	0	30	0	0	0	0	15	13	0	12	0	29	0	8	27	13	0	0	14	0	0	30	20	0	0	0	35	0	34	0	27	24	0	31	0	0	11	17	46	13	0	0	0	0	0
13496713	TGCAGGAAGTAGTCAAAAAAGAAAAAAATAACAAGTTCTGACAACATAAACATCGCTATGCTGGGACTTGGCTTGGTTATGTCGCTCGTTTGAGA	14	0	0	0	0	0	0	0	0	0	21	7	24	0	28	17	0	21	0	10	0	0	8	12	0	5	0	19	0	18	19	13	0	0	26	0	0	22	18	0	0	0	0	0	16	0	0	0	0	0	0	0	0	16	24	11	0	0	0	0	0
13719968	TGCAGGAATAATAAGATGGCCAAAGGAAGAGATACAGACCACGGATGTGAAAACACGAAAGCTCCTCACCAAGCATGGAGGGTTCCATCCCAAAT	31	0	0	0	1	0	0	0	0	0	59	15	72	0	29	53	0	46	0	13	0	0	20	12	0	25	0	37	0	29	58	34	0	0	35	0	0	42	43	0	0	0	0	0	63	0	0	0	0	0	0	0	33	45	81	20	0	0	0	0	0
13759796	TGCAGGCGTGTTAACAAGACAAGTTTTATAATTTACGGTACTTTATGATGAATCAAATTATCACCAACTCCTATCTATAAAATAGATCATCGTCT	9	0	0	12	0	0	0	30	0	0	27	15	32	0	22	21	0	30	0	13	0	0	20	13	0	21	0	16	0	11	27	30	0	0	22	0	0	24	24	0	0	0	38	0	25	0	29	7	0	13	0	0	11	29	40	14	0	0	0	0	0
13842739	TGCAGGGACATGTTCAGTTCATCCAGTTTCCTGAATATATCTGCCAGATAGCAAAGCTTTGCAAGCTCCCGTATTTTCACAGAGGCTGCGGAACA	17	0	0	0	0	0	0	36	0	0	41	26	57	0	33	35	0	53	0	8	0	0	30	15	0	20	0	45	0	31	37	27	0	0	43	0	0	46	47	0	0	0	55	0	65	0	50	0	0	43	0	0	22	45	56	12	0	0	0	0	0
13844525	TGCAGGAGACTTGGTTTCTGGTTGTTGTTTGCTGCTCAATGCTGATATTTCTCGCTCCTCTCTTCTCTCCTATCCGTGCCGCAGGGGGCCGAGGG	31	0	0	33	0	0	0	43	0	0	65	18	52	0	58	45	0	66	0	20	0	0	16	12	0	29	0	25	0	38	55	27	0	0	44	0	0	48	53	0	0	0	55	0	61	0	60	24	0	48	0	1	18	36	68	32	0	1	0	0	0
13849007	TGCAGGCGCCACAAGGGGTATGGGCGCCCGCGGGCACAGGGTTGGTGACCCCTGAGTTACGCAAACCATCCGTGCAAAGGTGAGATAGCACCTGT	41	0	0	0	0	0	0	0	0	0	56	12	74	0	60	41	0	66	0	14	0	0	45	21	0	23	0	74	0	41	52	38	0	0	52	0	0	52	42	0	0	0	1	0	81	0	0	0	0	0	0	0	48	54	76	25	0	0	0	0	0
13905893	TGCAGGAATTAAAAGAACATGGCAGCAGCTAAAAATGAAGTATAAAACATAATTCAATCAGGTCAAATTTGAGCATGTCATTGATGTAGGCTTTG	13	0	0	42	0	0	0	16	0	0	37	18	42	0	39	22	0	50	0	10	0	0	20	17	0	19	0	24	0	26	27	21	0	0	27	0	0	36	31	0	0	0	43	0	34	0	36	15	0	31	0	1	16	32	33	13	0	0	0	0	0
14067303	TGCAGGCTCCTGTTAAAAAAACTAATAATATCCAGCCCTCAGCACTTTCTAAAAACAGTATGTGTACAATTTCTTGATTGTGATTGGCTTAATTA	18	0	0	15	0	0	0	54	0	0	29	12	50	0	25	34	0	41	0	11	38	1	12	14	0	5	0	36	0	17	31	24	0	0	33	0	0	21	31	0	3	0	39	0	42	0	40	12	0	40	0	0	15	33	48	13	0	0	0	0	33
14097542	TGCAGGGTTTATATCTCTGACAGTCGACCCATGTAGCTCAACAGCTGCAGGCTGATGCCATTGTGCTGACAGATGTGTGCTGCTGACTCCTTGGC	40	0	0	38	0	0	0	69	0	0	84	11	87	0	63	46	0	65	0	10	2	0	45	26	0	28	0	43	0	35	71	25	0	0	73	0	0	63	52	0	0	0	88	0	58	0	56	32	0	71	0	0	30	47	76	16	0	0	0	0	0
14099001	TGCAGGAGTGATAAATCCGTTATGCTGTCCTTTACAGGTCACAAACTACTGCTGTAGATTTGTTTTTTTTAATTATCCTTTAAACAATACCCTCT	19	0	0	0	0	0	0	0	0	0	32	5	27	0	22	36	0	26	0	7	0	0	18	11	0	16	0	21	0	18	20	12	0	0	22	0	0	24	19	0	0	0	0	0	30	0	0	0	0	0	0	0	12	12	24	10	0	0	0	0	0
14131956	TGCAGGCCAGGGGGGGTGGAGCAGCCTACAGACCCAGCTGTGAATAATGTGCGGTCTGGAACACGATGGCAACTATGTGATTGCAGATCCTTTAG	37	0	0	34	0	0	0	46	0	0	60	18	63	0	49	34	0	39	0	22	0	0	19	9	0	24	0	28	0	19	29	30	0	0	35	0	0	35	41	0	0	0	46	0	53	0	33	21	0	48	0	0	8	33	38	23	0	0	0	0	0
14437211	TGCAGGAGAGTGCGAGACGAAACCAAGAGAATCTGACTTTGTCAAACTCAATATTCCTCCATAATGTACTAGGCCTCTCTGGCGCATGCTTGATC	18	0	14	13	0	10	0	35	24	0	38	11	39	0	25	18	0	17	0	16	0	0	23	14	0	11	13	22	0	18	16	12	16	0	9	0	0	24	23	0	0	0	36	0	25	0	25	21	0	28	0	11	19	16	30	10	0	0	0	18	0
14465143	TGCAGGCAGCACAAAACATCTGGTGCAATCAAATGTGATCCAATTCAAGCTTACGAAAGGGGTGGCCCTCCGCACGAGAAGACAGTATGTCCTAT	16	0	0	26	0	0	0	40	0	0	34	8	35	1	49	22	0	38	0	6	28	0	18	8	0	25	0	37	0	20	38	24	0	0	35	0	0	37	23	0	8	0	45	0	25	0	34	14	0	23	0	0	14	13	38	9	0	0	0	0	15
14544632	TGCAGGAGTTGTTGCCTCTTTAATGAGATGTACGCTACAGGCCATGTGACTTCAGCACCCTGGACAGCGCCCATCACACCGAGCCACTGAAACTA	11	0	0	11	0	0	0	24	0	0	25	8	32	0	22	28	0	17	0	4	0	0	11	7	0	22	0	20	0	13	24	6	0	0	19	0	0	13	10	0	0	0	27	0	23	0	30	28	0	21	0	0	4	19	43	4	0	0	0	0	0
14650825	TGCAGGAACAAGATTGCGTCCACTGTACCAGGTTTCAGTGAAGTTCTCCGCTAATCTATCGTACGGCCAGCTGCGCTAAAATCTTGCTCACTGCT	33	0	0	40	0	0	0	71	0	0	83	17	72	0	58	54	0	83	0	14	0	0	54	17	0	36	0	44	0	59	44	46	0	0	48	0	0	59	50	0	0	0	94	0	61	0	71	30	0	55	0	0	20	46	64	15	0	0	0	0	0
14693920	TGCAGGCTGTTTGTCCCCACCACTCTTCGTCCCCAGGTGTTGAAATGGGGACACTCATCTCGTCTGGCATGTCACTTAGGTGTTACACAGACTGC	33	0	0	31	0	0	0	43	0	0	68	9	55	0	45	35	0	63	0	10	0	0	31	19	0	30	0	41	0	29	39	28	0	0	49	0	0	47	33	0	0	0	61	0	61	0	56	33	0	53	0	0	10	47	62	29	0	0	0	0	0
14717844	TGCAGGCTTGTACTCTGAGGGTTCATTGATGTAACTTCAAGTTCTGTGTTTGTGTGGAGTCATAAGAGCAGATAGGGTAGACATGCTGTAAATGC	32	0	0	0	0	0	0	0	0	0	62	17	52	0	69	53	0	58	0	5	0	0	39	17	0	31	0	61	0	39	36	39	0	0	52	0	0	34	58	0	0	0	0	0	65	0	0	0	0	0	0	0	23	28	41	18	0	0	0	0	0
14867951	TGCAGGATAATCGATATCATACAACAGAACAAGATTTTGGATCTTAAAATTTGAACATTTTGTGTTGTCTCAAATAAAAGCACAGGATAAGTAAT	11	0	0	13	0	0	0	23	0	0	19	6	13	0	27	15	0	19	0	3	0	0	5	7	0	5	0	17	0	15	20	14	0	0	19	0	0	9	13	0	0	0	15	0	26	0	19	16	15	12	0	0	11	25	18	7	0	0	0	0	0
14983869	TGCAGGTATATCCAGGGGCGCATACCCAATTTCATAGGGGTCAGCAGGAGTTTAAACCAGAATGAGCTTCTACGTTTTTGTGACTTTAATAGTTT	16	0	0	0	0	0	0	0	0	0	38	11	47	0	22	23	0	40	0	13	0	0	12	16	0	25	0	54	0	16	22	20	0	0	25	0	0	28	36	0	0	0	0	0	43	0	0	0	0	0	0	0	8	41	52	11	0	0	0	0	0
15205865	TGCAGGGGGTGCTGTTGCTGCAATGCTTGTTCTCATTGGGCCAGCTGGGGTCCCGCTCTGTGGTCTTATAGCCATGGAGTGGGCCCTAGCCTGCT	35	0	41	24	0	21	0	69	56	0	79	18	56	0	56	60	0	55	0	15	0	0	32	25	0	36	62	41	1	26	47	33	28	0	46	0	0	49	53	0	0	0	63	0	81	0	67	40	0	74	0	45	23	44	60	18	0	0	0	25	0
15855166	TGCAGGCTTCTCAAAAACAATAGGGTCCCTCAGGCCTTCCTTCTGAACATACTCGTATGAAAAATCTGGAGAACACACAATAATACAGCAGGTTC	37	0	0	0	0	0	0	0	0	0	54	16	71	0	34	36	0	40	0	8	0	0	19	24	0	13	0	38	1	19	33	13	0	0	42	0	0	33	19	0	0	0	0	0	46	0	2	0	0	0	0	0	15	54	83	18	0	0	0	0	0
16391714	TGCAGGGATGAAGGACTATAGACCAGTTGCCTTGACATCTGTCCTAATAAAGACTTTAATGAGGCTGCTTCTTCGGCAGCTCAAACCTCAGGTGA	39	0	0	0	0	0	0	0	0	0	72	7	50	0	35	44	0	69	0	15	0	0	19	19	0	31	0	35	0	38	48	27	0	0	41	2	0	52	53	0	0	0	0	0	52	0	0	0	0	0	0	0	19	36	90	24	0	0	0	0	0
16479967	TGCAGGTTAGCCAGTGCAGCTGCATCTTCAGTGTTTTCCTCCAATGCCTGTACATCATTATCGTCATTTTCTGTAGTTTCTTTTGTACTGTTAAT	28	0	0	0	0	0	0	1	0	0	61	21	75	0	54	43	0	65	0	18	0	0	25	31	0	19	0	53	0	32	49	34	0	0	47	0	0	56	55	0	0	0	0	0	62	0	51	0	0	0	0	0	27	38	62	19	0	0	0	0	0
16580431	TGCAGGCACAATACTCCTCTTACTGTTAGAGTACAGAGCTGACTTTCATATAACTACCGTGGGAAAGCAGTGTTCTCTGAGCATAGGCTATAAAA	22	0	0	34	0	0	0	43	0	0	55	9	62	0	56	31	0	55	0	15	0	0	22	13	0	29	0	33	0	31	44	16	0	0	38	0	0	40	50	0	0	0	62	0	57	0	58	26	0	48	0	1	15	42	44	18	0	0	0	0	0
17301277	TGCAGGACGGAATGAAGGACGGAGACGCAGACGAGGAGAAAGAGGCTGAGCTGAAGAAAGTCCAGTCTGAGGTGGAGAAACTGAAACAGGATGAA	20	0	0	0	0	0	0	0	0	0	41	16	67	0	25	25	0	44	0	10	0	0	24	5	0	15	0	46	0	24	45	17	0	0	29	0	0	34	33	0	0	0	0	0	42	0	0	0	0	0	0	0	8	25	37	13	0	0	0	0	0
17660043	TGCAGGTATGTAAGAAAGTTGAGTTATTTGACTAATAAACAAGTCTGGCAAAACACAACAGTAGCCAAACCACTAAAGCTCCACAGTGAATGAAC	34	52	0	33	0	0	1	70	0	0	58	13	56	0	58	46	60	67	0	8	0	45	27	18	48	29	0	65	0	32	53	22	0	0	39	0	0	43	36	0	0	0	60	0	43	0	0	20	0	57	0	0	25	47	62	20	0	0	0	0	0
17666053	TGCAGGTTAATCAACATCCCTTCCTGCTAAAAAATCAACACTCAATTATAAAATTCAGTCAGAAATGACAGACACGCCTCTGATAAGAAACAATG	13	0	0	11	0	0	0	37	0	0	28	6	30	0	21	23	0	19	0	7	0	0	15	13	0	9	0	17	0	19	22	23	0	0	15	0	0	18	15	0	0	0	31	0	23	0	36	13	0	14	0	0	14	11	29	11	0	0	0	0	0
17877837	TGCAGGTAAAAAAAATGTTACTGATAAATAATTCACAAAACTTTGGTTGTTTTAATACATTTATAATTTAGATAACATTGTGGTATATTTTATGA	8	0	0	0	0	0	0	16	0	0	16	5	18	0	21	14	0	23	0	3	0	0	8	6	0	9	0	15	0	14	16	17	0	0	13	0	0	11	16	0	0	0	18	0	21	0	0	0	0	12	0	0	5	7	16	11	0	0	0	0	0
18095896	TGCAGGCTCTGCCCAGGGCGTCCCCTTGTCTCACACTCATCCCTGGCATCCCAGAACTTCCCTTCATGCCTCTTTGACAGTTTCAGATCAGAGGT	17	0	0	0	0	0	0	53	0	0	42	16	40	0	33	21	0	47	0	11	0	0	22	16	0	15	0	30	0	34	30	32	0	0	42	0	0	29	27	0	0	0	66	0	34	1	46	0	0	32	0	0	11	29	24	12	0	0	0	0	0
18596720	TGCAGGTGTGGGTCTTGCACAGGAAATGTGGCTCTTGACTTCAGTGCTTCCATCTTTGAGGACGCTGCAGCAGATGAAGCCATTTCAGCCGGTCT	20	0	0	25	0	0	0	53	0	0	30	11	49	0	29	32	0	37	0	12	0	0	22	13	0	15	0	26	0	31	29	27	0	0	21	0	0	22	38	0	0	0	38	0	39	0	30	24	0	26	0	0	17	23	34	17	0	0	0	0	0
19163247	TGCAGGCATTGTCACCTTGGGCACTGGGACAAGGCATGAGGTCTTCAATAAGCCAGGGACACATCCCGTCTGAAAACTCCTGTTGATGATGGTTT	45	0	0	0	0	0	0	0	0	0	61	16	73	0	47	42	0	63	0	16	0	0	15	15	0	33	0	48	0	46	54	28	0	0	52	0	0	54	51	0	0	0	0	0	71	0	0	0	0	0	0	0	18	44	68	18	0	0	0	0	0
20003880	TGCAGGATTGCATCTACATGAAAATGAAATCAGGGACATTGAATTAGATTAATGTAACAATTACTTTTAGGAAACACAATGTGCTAGCACTGCTT	17	0	0	28	0	0	0	32	0	0	43	4	37	0	26	36	0	31	0	11	0	0	17	5	0	33	0	25	0	15	29	13	0	0	24	0	0	31	29	0	0	0	30	0	33	0	55	33	0	30	0	0	23	20	31	18	0	0	0	1	0
20173431	TGCAGGTCAGACACCCCCTCCACACACGCAGTCACAAATCATTGAAGAAAAAAGGTTCAGCGCACTGTTTAGTGGGTCTGGATGACCCAGCTCCC	23	0	0	0	0	0	0	0	0	0	47	6	24	0	32	27	0	23	0	12	0	0	10	13	0	15	0	41	0	17	28	24	0	0	26	0	0	28	27	0	0	0	0	0	33	0	0	0	0	0	0	0	15	28	44	2	0	0	0	0	0
20504684	TGCAGGCAAAGCTCTCACACACACATGCAACCAGTCCAACACATAAAAATATGCAGAATAATTCACTTGAATTAAAAACAGTTTTATTCAATAAT	30	0	0	0	0	0	0	0	0	0	20	12	34	0	34	33	0	35	0	10	0	0	15	9	0	11	0	26	0	22	29	22	0	0	28	0	0	20	32	0	0	0	0	0	37	0	0	0	0	0	0	0	12	34	45	6	0	0	0	0	0
21328759	TGCAGGATATACAAAGTTTTTAGCTTATCACTTTTTTTTTTGGTATTGTACACAGCAGAATGATTTTGGTCCAGCCTTTCTAGAATGTAGCTTTG	8	1	0	0	0	0	0	0	1	0	17	6	18	1	11	14	0	24	0	6	0	0	15	9	0	10	0	13	1	15	17	4	0	0	16	0	0	17	25	0	0	0	0	1	17	1	2	0	4	1	0	0	5	4	14	6	0	0	0	0	0
